page_content,page_time
已到最后,20
"

特朗普（左）与卡尔·比尔特（右）。

　　国际在线专稿：据英国天空新闻网2月20日报道，就特朗普一再为自己关于瑞典移民问题的言论辩解一事，前瑞典首相卡尔·比尔特（Carl Bildt）给了特朗普“一条善意的建议”：不要再自掘坟墓了。
　　日前，特朗普因宣称瑞典在上周五发生了一件跟移民相关的安全事件而使瑞典全国上下感到困惑无比，后来他辩解称他的信息来自福克斯新闻网播出的一则新闻。
　　特朗普还说：“假新闻媒体正在试图告诉我们瑞典的移民问题解决得很好，事实上并不是这样！”
　　后来，白宫的发言人又为特朗普辩护称，特朗普的原意是指瑞典正在上升的犯罪率，而不是某个具体的事件。
　　但是瑞典的官方数据显示，自2005年以来，瑞典的犯罪率呈下降趋势，虽然瑞典接收了来自伊拉克和叙利亚等国的几十万难民。
　　对此，前瑞典首相卡尔·比尔特为特朗普提供了“一条善意的建议”：“如果你已经身处一个洞里，就不要再继续挖掘这个洞了。”
　　稍早前，比尔特还在推特上发帖称：去年，光佛罗里达州奥兰多的谋杀案就比整个瑞典的谋杀案多出近一半，真糟糕。
　　另外，“瑞典移民安全事件”后，特朗普的一些支持者甚至在网上指责瑞典媒体对于上周五发生在瑞典的移民安全事件隐瞒不报。但瑞典外交部发言人卡塔琳娜（Catarina Axelsson）表示，瑞典政府没有收到上周五有任何跟恐怖相关的事件报告。
　　标签：特朗普媒体连连看
　　Save
责任编辑：吴颜 
",201702211328
"

印度媒体报导受害者是当红女星巴瓦纳，不过，警方以本案为性侵案，不愿透露受害者姓名


外媒报道截图

　　[环球网综合报道] 据台媒2月21日报道，印度一位当红女星向警方报案，17日遇到假车祸，并被对方车上的数名男子轮奸。
　　事发当天，女星巴瓦纳（Bhavana）正坐在回家的车中，途中遭1辆轻型货车蓄意追撞，接着连人带车遭6名男子挟持。
　　随后暴徒们开着车子四处绕，并在车上对巴瓦纳实施了强奸。暴行持续了长达两个小时，女星还被拍照勒索。
　　印度警方21日逮获2名嫌疑犯，并查出共有7人涉案，而主谋是女星的前司机苏尼（Sunil Kumar aka Pulsar Suni），目前在逃。
　　这起女星遭性侵案震惊全国，演艺圈力挺受害女性勇敢站出来，让不法之徒早日绳之以法。
　　虽然印度媒体报导受害者是当红女星巴瓦纳，不过，警方以本案为性侵案，不愿透露受害者姓名。
责任编辑：吴颜 
",201702211325
"
　　中新网2月21日电 据日媒报道，日本千叶县富津市于20日宣布，在饲养日本猕猴的高宕山自然动物园内，现已确认其中164只中的约三分之一、57只为与特定外来生物恒河猕猴杂交后的物种，并已进行扑杀处理。
　　日本猕猴在该县房总半岛的日本猕猴栖息地内与野生恒河猕猴的杂交情况不断发生，该市于去年秋季起便对该园的全部猴类实施DNA调查。
　　该园为猴类动物园，获得该县下发的许可后，在围栏内饲养着一群日本猕猴。因对生态环境造成恶劣影响，恒河猕猴以及杂交物种为《外来生物法》的管制对象，不允许在该园内饲养。
　　然而，猴子利用围栏的缝隙等外出后，在园外与恒河猕猴杂交的情况令人担忧。据悉，该市委托京都大学灵长类研究所等方面实施调查，结果显示有57只为杂交物种，该园在对其进行扑杀后已于15日举行了慰灵仪式。
责任编辑：吴颜 
",201702211322
"

韩联社配图

　　[环球时报-环球网报道 记者 金惠真 郭芳] “中国官方媒体连日炮轰称，执意给‘萨德’提供部署用地的乐天，请离中国远点”，21日，韩联社韩文版以此为题报道称，就乐天集团给“萨德”提供部署用地的问题，中国《环球时报》21日刊登社评及相关报道予以猛烈炮轰，称“乐天既挺‘萨德’，就请离中国远点吧”。《环球时报》记者注意到，在韩联社这篇报道的配图中，“萨德”瞄准了五星红旗。
　　此前，韩联社中文网文章“萨德”配图瞄准中国国旗，曾引发中国网民极大反感。1月8日，本报就此作出报道，并与韩联社相关方面进行交涉。1月18日，《环球时报》记者在检索韩联社中文网时发现，自从本报8日的报道刊出后，该网站更新的涉及“萨德”的新闻配图并未再出现五星红旗。
　　近日，《环球时报》记者获悉，乐天集团本月底将与韩国政府就签署换地协议。消息披露后，韩媒注意到，中国官方媒体20日火力全开，抨击韩国“引萨入韩”的决定将给地区安全与稳定带来威胁，并向乐天集团“放话”称，如果乐天最终决定给“萨德”部署提供用地，其在华事业将受到严重影响。然而，韩联社20日援引“乐天集团相关人士”的话称，朝鲜试射导弹让韩国的国家安全形势日趋严峻，因此乐天给“萨德”系统提供部署用地的决定不会发生变化。该人士还表示：乐天集团将在“短期内会召开理事会，最早将于本月内做出最终决定。”
 
Save
责任编辑：吴颜 
",201702211218
"
　　中新网2月21日电 据外媒报道，澳大利亚维多利亚州警方称，当地时间21日上午9时左右，一架载有5人的轻型飞机撞到墨尔本伊森顿机场附近的购物中心后坠毁并引发大火，机上人员全部丧生。澳大利亚总理对这一事故表示哀悼。
　　据报道，这架双引擎飞机从墨尔本以北12公里的伊森顿机场起飞后不久，因引擎故障试图返航未果，撞上机场附近的大型购物中心，引发严重火灾，购物中心建筑严重受损。
　　澳大利亚总理特恩布尔在社交网络上发文表示：“对于今天发生在伊森顿的事故感到悲痛。我们的心和祈祷与遇难者及其家属同在。”
　　澳大利亚维多利亚州州长安德鲁斯指出，这是近30年来发生在该州最严重的空难悲剧，相关调查工作已经展开。
　　维多利亚州警察局局长表示，机上无人生还。截至目前，尚无地面人员死伤报告。
　　据悉，遇难的5人中有美国公民，但美国驻堪培拉大使馆尚未证实这一消息，美国大使馆称正与当地警方进行密切沟通。
　　报道称，事故发生后，消防和急救人员迅速赶往现场展开救援，伊森顿机场被关闭，附近多条高速公路也被封闭。此外，受大火引发的浓烟影响，事故发生地点附近的3所学校也暂时停课。
　　报道指出，大火主要是由机上燃油引发的，所幸事故发生时，还没有到购物中心开业时间，购物中心内只有一些工作人员。
责任编辑：吴颜 
",201702211233
"
　　原标题：阿富汗副总统遭安全部队软禁 被指控“性虐”政敌
阿卜杜勒·拉希德·杜斯塔姆（资料图）
　　海外网2月22日电 据美国《华尔街日报》报道，21日阿富汗副总统阿卜杜勒·拉希德·杜斯塔姆被阿富汗安全部队软禁在其的住处，以配合调查。此前，杜斯塔姆被指控与他的9名保镖合作，绑架并性侵他的政治对手。
　　阿富汗政府一名发言人说，杜斯塔姆将被软禁，一步都不能离开，也不能去他的办公室，直到事情调查清楚为止，那时政府将决定是否将其告上法庭。
　　“他必须配合调查，并将他的警卫移交（给我们）审问，”该发言人说。
　　据报道，杜斯塔姆拥有高达1000人的个人武装力量，阿富汗安全部队的这一举动引起人们关于双方会否发生暴力冲突的担心。
　　报道称，杜斯塔姆是阿富汗近代历史上举足轻重的人物，他的个人武装力量经常在防御战时与政府军作斗争。他和他的个人民兵组织经常被人权组织指控，“人权观察”组织曾指控他的个人民兵2001年曾杀死数百名塔利班囚犯。
　　2016年12月13日，阿富汗朱兹詹省前省长艾哈迈德·艾什奇指控第一副总统杜斯塔姆对他进行拘禁虐待。失踪两周的艾什奇12月10日公开露面，声称遭杜斯塔姆及其手下毒打，并遭到死亡威胁和“性侵犯”。他说，11月24日，他和杜斯塔姆双方的团队进行了一场阿富汗传统的叼羊比赛（双方队员骑马争夺无头山羊尸体），期间他突然遭杜斯塔姆方面绑架。在杜斯塔姆的住所，艾什奇被强迫脱光衣服，还遭到杜斯塔姆保镖的毒打。艾什奇说，对方使用AK步枪对他的身体进行侵犯，杜斯塔姆甚至还在保镖对他实施“性虐待”时拍照。在被杜斯塔姆非法关押5天后，艾什奇又被移交给阿富汗国家安全局继续关押11天才获释。
　　阿富汗第一副总统办公室随后发表声明，否认相关指控，并称这是对杜斯塔姆的挑衅。声明还指责艾什奇从事“亲武装分子”活动，并进一步补充说，他是因涉嫌支持武装分子近期在朱兹詹省的暴乱活动而遭阿安全机构拘捕的。声明还说，显然是有人在背后搞阴谋，试图抹黑杜斯塔姆的国际形象。
　　阿富汗哈玛通讯社报道称，艾什奇曾担任杜斯塔姆家乡朱兹詹省省长，被视为杜斯塔姆的政治对手。30多年前，苏联支持的阿富汗政府土崩瓦解，杜斯塔姆在军阀割据中逐渐成为当地准军事武装领袖。但艾什奇不服气，拒绝服从他的指挥，两人从那时起结怨。
　　来源：海外网
责任编辑：刘光博 
",201702221257
"
　　原标题：经济学宗师肯尼斯·阿罗辞世 系最年轻诺奖得主
　　22日据斯坦福大学官网最新消息，美国经济学家、诺贝尔奖得主、战后新古典经济学开创者之一肯尼斯• J• 阿罗（Kenneth J。 Arrow）已于美国时间2月21日去世，享年95岁。
斯坦福大学官网讣告
　　1972年，由于在一般均衡论和社会福利经济学方面的成就，51岁的美国经济学家肯尼斯·阿罗与英国经济学家约翰·希克斯共同获得了瑞典皇家科学院颁发的第四届诺贝尔经济学奖。从那时起，阿罗成为自1969年诺贝尔经济学奖首次颁发以来最年轻的获得者，迄今无人超越。
　　2015年6月13日，已年届94岁高龄的阿罗曾到访中国，在重庆参加研讨“中国经济新常态与深化综合改革”，阿罗在会上作了题为《人类纪元的环境问题：价值、理性与公平》的演讲。
责任编辑：刘光博 
",201702221158
"
　　原标题：特朗普再出重拳！千万美国非法移民将会被赶回老家？
　　虽然禁穆令夭折，但特朗普打击非法移民的力度并未减弱。
　　上月签署针对非法移民的总统行政令，这个月就出部门指示，扩大驱逐移民范围，加快驱逐流程。1000多万美国境内的非法移民都面临随时被驱逐的威胁。
　　当地时间本周二，美国国土安全部遵循上月特朗普签署的相关行政令，发布备忘录，宣布该部门执法过程中不再给予缺少合法身份的可驱逐“无证移民”（undocumented immigrants）豁免。
▲图片来源：美国国土安全部官网
　　特朗普政府再出重拳
　　美国国土安全部21日发布两份备忘录，落实美国总统特朗普此前签署的关于加强边境管控、限制非法移民的行政令。
　　这两份文件分别名为《落实总统边境安全和加强移民执法的政策》以及《执行移民法律以服务国家利益》，由国土安全部部长凯利20日签署并下发国土安全部各主要执法部门负责人。
▲图片来源：美国国土安全部官网
　　根据《落实总统边境安全和加强移民执法的政策》，这两份备忘录的出台旨在：
　　阻止非法移民并便利对没有合法理由进入或滞留美国的外国人进行识别、逮捕、关押和驱离。
　　这两份文件是对国土安全部全体人员的指导文件，将取代已有的相关政策或文件。
　　《落实总统边境安全和加强移民执法的政策》的具体措施包括：增加海关和边境保护局的执法人员数量；加强国土安全部长对于执法行动的指挥权；在美墨边境筑墙等。
　　据华尔街见闻报道，奥巴马执政时期，美国政府优先驱逐定罪为重罪或是近期跨境潜入的无证移民。上述国土部备忘录虽然也规定优先处理重罪无证移民，但扩大了优先驱逐的打击面：
　　即使无证移民嫌犯并未被定罪，也在优先驱逐之列；
　　只要某无证移民犯下移民相关的罪行，哪怕只是使用虚假文件，也会被国土部视为优先驱逐对象；
　　只要某无证移民被移民官认定对公共安全构成风险，就属于国土部优先驱逐的目标。
　　国土部表示，划定优先驱逐范围不针对守法的无证移民，但即便无证移民并未被列入优先驱逐目标，也免不了被驱逐出境，国土部将逐个案例考虑是否给予豁免。
　　以上规定意味着，更多美国南部边境的无证移民将被关押或遣返回墨西哥等待听审，而不是在美国本土被释放。移民驱逐流程会加快。
　　千万美国非法移民面临大驱逐
　　据华尔街见闻报道，国土部2012年估算，美国境内约有1140万非法移民，略低于2007年约1200万人的巅峰水平。
▲图片来源：视觉中国
　　特朗普上任首周就下令，大幅改变移民法执行方式，废除对驱逐非法移民的多数限制，为大规模拘留非法移民创造了条件。洛杉矶时报本月初估算，特朗普政府优先驱逐的非法移民可能多达800万人。
　　据央视网报道，鉴于美国境内有大约1100万的非法移民，未来特朗普政府将很有可能在打击非法移民问题上投入更多资源，文件显示国土安全部就将新招10000名雇员，此外地方警察部门也将参与针对非法移民的执法行动。
　　今年1月25日，特朗普签署了两项行政令，要求移民海关执法局（ICE）忽略奥巴马政府的优先驱逐目标，将尚未定罪的移民嫌犯也列入优先驱逐之列，还在裁定驱逐目标方面给予ICE很大自由度，并考虑将任何非法滞留美国的人都作为驱逐目标。
　　不过，本周二的备忘录显示，特朗普政府并未改动奥巴马政府保护非法移民子女的《童年入境暂缓遣返》计划（Deferred Action for Childhood Arrivals）。该计划为75万孩提时被父母非法带入美国的移民提供了保护。
　　另外，对于美国修建美墨边境墙的行政令，国土部备忘录的言辞暗示，可能用一种无形之墙来取代造墙。
　　特朗普1月27日颁布行政令，暂禁全球难民和西亚北非7国公民入境。2月3日，美国华盛顿州西区联邦地方法院法官詹姆斯·罗巴特作出裁决，在全美范围内暂停实施特朗普入境限制令。
▲图片来源：路透社
　　不过，据路透社今日（2月22日）报道，加拿大总理特鲁多表示，加拿大欢迎未拿到合法身份的避难者前往加拿大申请避难，但加拿大会采取相关措施保障社区安全。 
责任编辑：刘光博 
",201702221411
"
　　原标题：巴西财长说巴西经济衰退已结束
　　新华社巴西利亚2月21日电（记者张启畅）巴西财政部长恩里克·梅雷莱斯21日表示，从2014年下半年开始的经济衰退已基本结束，但巴西仍未彻底摆脱这场经济危机的不良影响。
　　梅雷莱斯说，无论从持续时间还是影响面来看，这轮经济衰退都是巴西前所未有的。“经济衰退目前已基本结束，但其造成的不良影响还将持续一段时间，如高失业率。”
　　他同时表示，尽管现阶段巴西经济增速很慢，但随着各项指标向好发展，经济增长年内有望回到令人满意的水平，目前巴西企业和民众对经济的信心正在逐步恢复。
　　此间专家认为，失业率等数据依旧不佳，表明巴西经济离彻底走出困境还有一段距离。巴西央行预计，今年巴西经济仅将微弱增长0.49%。
　　巴西地理统计局将于下月初公布去年经济数据。巴西央行上周发布的经济活动指数显示，去年巴西经济跌幅或达4.34%。
责任编辑：李伟山 
",201702221346
"
　　原标题：有困难找警察？ 美国10岁女童询问数学题获解答
　　中新网2月22日电 据“中央社”报道，俗话说“有困难，找警察”，美国俄亥俄州马立昂警察局的社交网站账号，日前接获10岁女童询问数学习题的解法，而警察也耐心解答，对话截图引起网络疯传。不过，这名警察给出的答案似乎出现了错误。
　　报道称，马立昂警察局指出，17日晚间接获罕见的儿童求救案例，当事人是一名年仅10岁，就读五年级的女童，她发送讯息向马立昂警察局社交账号寻求协助。
　　女童母亲德瑞波提供的对话截图显示，警方透过私信答复问道：“有什么事？”德瑞波的女儿蕾娜则写道：“我的功课需要一点帮忙。”
　　对于警方进一步询问是哪方面的问题时，她写道：“我不明白 （8 + 29） x 15”。
　　截图画面显示，接下来警方回答，要先把括号里面的答案算出来，也就是变成37乘以15。
　　不过，蕾娜的问题并没有到此停止。她紧接着又问了另一个问题：“如果题目是（90 + 27） + （29 + 15） x 2，我应该先算哪边？因为你说要把括号里的先算出来。”
　　警方回答：“把第一个括号与第二个括号内答案加起来乘以2，从左边算到右边就可以了。”
　　然而，这些截图画面在网络流传之后，警察提供的解答方式，后来被网友指正是不对的。
　　马立昂警察局称，这是警局第一次碰到有小朋友拿功课问题来脸书专页求助，“但不管怎样，我们的使命就是服务并且保护人民。或许在帮她解答之前，应该先声明一下我最喜欢的科目其实是历史。现在我们知道了！”
　　德瑞波17日在社交网站分享了蕾娜向警方问数学功课的对话截图，并写道：“感谢马立昂警察局真诚地建立与小区民众的互动关系。”
责任编辑：李伟山 
",201702221534
"
　　原标题：“竹岛日”抗议集会在日本驻韩使馆前接连举行　　
　　中新网2月22日电 据日媒报道，本月22日，在韩国首尔的日本大使馆前，多个主张竹岛（韩国称独岛）是韩国领土的市民团体接连举行集会，抗议日本松江市的“竹岛日”仪式。
　　据报道，当天，从数十人到超过百人，不同规模的市民团体轮番集会，向日本方面大声抗议“立即中止妄动”等。
　　此外，每周三举行的慰安妇问题相关抗议集会也于当天举行，为参加集会而一早抵达现场的大学生等也在旁关注了抗议“竹岛日”仪式的集会。
　　据了解，对于日本政府连续5年派遣政务官参加“竹岛日”仪式，韩国外交部发言人21日称“将坚决应对日本的不当主张”。
责任编辑：李伟山 
",201702221624
"
　　原标题：朝鲜驻马使馆连续发表声明质疑马方调查
　　朝鲜驻马来西亚大使馆22日下午继续发出声明，对马来西亚外交部此前所表明的“马方调查中立、客观，希望朝鲜方面与马方合作推动调查”进行了反驳，同时也对马方调查提出质疑，并呼吁马方释放此前抓捕的嫌疑人。
　　声明中说：调查应该着重确认死者死亡的原因，同时搜集两名女性嫌疑人的犯罪证据，但马方却首先将嫌疑指向朝鲜公民。在鉴定死者身份方面，马方没有遵从朝鲜方面的认定，反而是按照韩国方面所声称的来确定死者姓名和身份，还要求死者亲属前来认领遗体和做DNA比对。这对朝鲜主权是极端的侮辱，也违反国际法和外交惯例，同时也说明马来西亚已经在这一事件上倾向支持韩国。
　　朝鲜驻马使馆也对警方的调查进展提出自己的质疑，并呼吁马方立刻释放所抓捕的两名越南、印尼籍女子和一名朝鲜籍男子。“马来西亚方面的调查是基于流出的监控录像视频，说视频中女嫌疑人用自己的双手涂抹毒剂抹向被害人，那为何嫌疑人自己却没有中毒？这说明他们所使用的液体并无毒性，死者死于其他原因。”
　　声明还说，事件发生已经过去10天，马来西亚警方却没有从被捕的嫌疑人身上获得任何证据。为避免马来西亚方面遭受韩国或外国媒体的无端指控，马方在调查中应该更尊重朝方的意愿。（央视记者 梁慧 朱雪松 窦筠韵 骆魏）
责任编辑：李伟山 
",201702221753
"
　　原标题：日本公务员“忍者日”穿忍者服上班，说好的忍着不笑呢
　　[观察者网 文/赵雯珺] 论会玩，我只服日本。
　　“忍者”是在古代日本，被特殊机构施以特殊“忍术训练”，而产生出来的特战杀手、特战间谍。日本为了发扬具有代表性的“忍者”文化，将2月22日定为“忍者日”。每年的今天，日本全国各地都会举办各种相关活动，以吸引观光客并扩大忍者粉丝群。
截图来自‘忍者日执行委员会’
　　在花样百出的活动里，最吸引眼球的当属日本滋贺县甲贺市了。作为“忍者发源地”的甲贺市，公务员这几天组团穿忍者服上班了……


　　从20日开始，直至24日，甲贺市约有30名公务员分别穿上了红色、黄色、蓝色、黑色的忍者服装进行日常工作。这已经是公务员们第三个年头为了迎接忍者日而“变身”了，今年除了观光企划推进部门外，工商政策部门和广告部门也加入其中。扮成忍者的职员们，接电话、对着电脑打字、向上级汇报工作的模样，引人发笑。


　　观光企划推进部门的负责人牧野辰哉在接受采访时说道：“今年把别的部门同事也喊来一起扮忍者了，大家一定要来忍者的故乡甲贺市玩啊！”
　　工商政策部门职员、50岁的生水出景子这样说道：“第一次穿忍者的服装，果然有点羞羞的啊，但如果这样做就能让大家想起作为忍者故乡的甲贺市，我还是挺开心的。”

　　另一位职员说：“可能因为变成了忍者，工作速度都变快了呢。”

　　嗯…怎么说呢……职员真正想表达的可能是：

　　对于这件事儿，日本的吃瓜群众也乐开了花：
这样的职场真是绝了（笑）
羡慕
想在这个职场工作（高中时候的梦想就是变成忍者）　
看起来好欢乐
被强迫感扑面而来
超现实主义（笑）
我四岁的女儿兴致勃勃地说： 等我长大了，要在这里工作 有梦想了呢
　
　
　　
责任编辑：李伟山 
",201702221936
"
　　原标题：日右翼议员要政府将钓鱼岛提交国际仲裁

　　[环球时报-环球网报道 记者 姚丽娟] 南海仲裁闹剧早已偃旗息鼓，日本国内一拨民族主义者却又在叫嚣把中国固有领土钓鱼岛的领土主权闹上国际法庭。据菲律宾《每日问询者报》22日报道，日本石垣市议员东池田嘉行呼吁中央政府政府搞“东海仲裁”争取钓鱼岛主权。
　　据《每日问询者报》报道，东池田嘉行宣称，越来越多的中国舰船“入侵”钓鱼岛周边海域，中国海警船护航渔船进入周边海域，日本政府必须尽快采取行动并做出决定。东池田嘉行称，“中国在南海扩建岛礁，修飞机跑道，他们或将在东海做同样的事”。报道称，若日本做出相关行动必会触发地区冲突，并招致经济报复，但东池田嘉行坚称，现在是时候该阻止中国的“扩张主义”了，应该在国际法庭证明日本拥有钓鱼岛主权的合法性。
　　报道援引石垣市市长中山义隆的话说，中央政府同意在石垣市部署监控部队，但大多是航空自卫队。中央政府因担心“会帮中国制造在周边海域部署军舰的理由”，暂时未决定是否在石垣市部署陆上自卫队。中山义隆希望中央政府能为在钓鱼岛建可供石垣市民生存的生活设施亮绿灯。
　　东池田嘉行曾在2012年参与一小拨日本民族主义者组织的“登岛”行动，而“东海仲裁”也并非首次在日本舆论中出现。2016年7月，南海仲裁闹剧后，日本媒体曾报道说，执政的自民党东海资源开发委员会基本决定，要求政府根据国际海洋法公约向国际仲裁法庭提起仲裁程序，以使中国停止在东海进行油气开发。
　　上海外国语大学日本文化经济学院教授廉德瑰22日接受环球时报-环球网记者采访时表示，2016年日本自民党内部提出就东海油气开发进行所谓“东海仲裁”，这主要是资源问题，关乎的是东海划分。而如果就钓鱼岛的主权提交国际仲裁，情况就完全不同，日本政府不会做出这么傻的事。这就和捡钱包的问题一样，捡了钱包的人不会告上法院，要求法院裁判钱包是谁的，只有丢了钱包的人才会去告。日本认为，钓鱼岛处于他们的实际控制下，如果闹上国际法庭结果不一定有利于他们。
责任编辑：李伟山 
",201702221754
"
原标题：“反华从娃娃抓起” 起底日本军国主义幼儿园
视频截图
　　视频里的孩子们在日本大阪塚本幼儿园接受教育。这家幼儿园最近颇受关注。园方不仅将写着“带有邪念的在日韩国人和支那人（日本右翼对中国人的蔑称）”的材料散发给家长，还把包含“讨厌韩国人和中国人”内容的信交给有韩国血统的家长。大阪府教育厅接到举报后，认为这涉嫌歧视，问询园方。
　　这家与日本阿帕（APA）酒店并称“爱国邪教”的幼儿园到底在教孩子什么？园方与日本首相安倍晋三有何关系？家长又有何反应？请看新华社记者的调查。
　　“讨厌韩国人和中国人”
　　塚本幼儿园是大阪府学校法人森友学园下属的私立幼儿园，位于大阪市淀川区。
　　在这家幼儿园2015年的运动会视频中，孩子们比赛前宣誓：“将日本作为恶人的中国和韩国要改弦更张。安倍首相加油！”
　　园方散发写着“带有邪念的在日韩国人和支那人”的材料，给有韩国血统的家长包含“讨厌韩国人和中国人”内容的信。大阪府教育厅去年12月接到举报，今年1月12日派人走访这家幼儿园，与园长夫妇面谈。
　　园方承认散发了材料。森友学园理事长、塚本幼儿园园长笼池泰典辩称：“没有歧视意图。”
　　笼池泰典的妻子笼池谆子是幼儿园副园长。她在给家长亲笔信中写道：“我没有歧视。我是讨厌韩国人和中国人。”

　　针对园方这些举动，大阪府教育厅正在研究采取行政指导等措施。
　　细思恐极的“战前教育”
　　塚本幼儿园以“让孩子成为引领日本的人才”为名，请人向家长和孩子们演讲。这些人多为与安倍关系密切的右翼文人和评论家。右翼人士田母神俊雄称赞说：“真切感受到塚本幼儿园确实在实施塑造日本人的教育。”
　　这家幼儿园到底在怎样塑造日本人呢？
　　在这家幼儿园，孩子们日常演奏的是《军舰进行曲》和《爱国进行曲》等日本战前军歌。
　　网上一段视频显示，孩子们在相当于靖国神社地方分部的大阪护国神社背诵《教育敕语》，演唱《同期之樱》等战前军歌。

　　《教育敕语》是日本战前军国主义教育一大重要支柱，1948年被日本国会废除。塚本幼儿园却自2001年将其列为教育内容。日本文部科学省官员2006年就指出背诵《教育敕语》不恰当。
　　《同期之樱》则是日本神风特攻队员传唱的歌曲，希望人们像飘落的樱花那样为天皇殉国。
　　塚本幼儿园不仅在主页上设“靖国神社崇敬奉赞会”链接、介绍日本皇室与自卫队的活动，还要孩子们到机场等地迎接皇族、参加自卫队的活动。

　　园长笼池泰典是日本最大右翼团体“日本会议”大阪支部代表和运营委员。这一右翼团体慨叹日本教育的“荒废”，在纲领的第一条就提出：“我们继承我国悠久历史培育的传统和文化，期待国民都拥有健全的国民精神。”笼池泰典正利用他掌控的教育机构落实其教育理念。
　　安倍夫人“感动得要落泪”
　　安倍晋三的夫人安倍昭惠2014年4月到访这家幼儿园时，园长问“安倍首相是什么样的人”，孩子们齐声回答“保卫日本的人”。安倍昭惠感动得要落泪。

　　安倍昭惠说，自己的丈夫也认为塚本幼儿园的教育方针太好了。
　　安倍晋三曾打算参观这家幼儿园，后因故未能成行。
　　安倍昭惠担心，如果这家幼儿园的孩子在公立小学上学，“好不容易在塚本幼儿园培育的嫩芽就会动摇”。为避免“前功尽弃”，森友学园建立的“瑞穗之国纪念小学院”将于今年4月开校，名誉校长正是安倍昭惠。

　　“瑞穗之国纪念小学院”起名有讲究。由于安倍正担任首相，这所小学未能按最初的计划起名“安倍晋三纪念小学”，但是“瑞穗之国纪念小学院”的“瑞穗之国”，正是安倍常说的词汇。
　　家长怒斥“虐待孩子”
　　塚本幼儿园的教育方法让家长们满意吗？
　　有的家长说，让儿童唱军歌是对儿童的虐待；有的家长说，自己被蒙蔽，当初觉得离家近才让孩子上这家幼儿园，并不支持军国主义教育；还有的家长愤而给孩子办了退园手续。

　　有日本网民指出，森友学园的教育机构在不知不觉中给孩子洗脑，类似以反华著称的日本宗教法人“幸福的科学”开办的“幸福的科学学园”。
　　很多家长反映过这些问题，但大阪府教育厅置之不理，还批准建“瑞穗之国纪念小学院”。
　　“讨安倍欢心有肉吃”
　　建小学就要买地，结果被人看出其中猫腻，热议“森友学园为什么能以极低价格拿到国有土地？”
　　森友学园用于建立“瑞穗之国纪念小学院”的土地原是大阪府丰中市的国有土地。财务省近畿财务局向森友学园出售这8770平方米土地时，并没有公布出售金额。
　　《朝日新闻》调查显示，这块地出售额为1.34亿日元（约合人民币813万元），仅为附近同等规模国有土地售价的十分之一。即使这1.34亿日元，也是先交2000万日元（1日元约合人民币0.0606元），其他分10年付清，利率只有1%，是极为异常的合同。而且由于已经从国家获得近1.32亿日元的清污费，森友学园实际上几乎免费获得了这块地。
　　针对森友学园以不透明方式获得国有土地的问题，日本共产党议员宫本岳志15日在众议院财务金融委员会会议上展开追究。
　　财务省解释说，之所以没公开土地价格，是因为建设用地检查出了砷，而森友学园担心，家长知道这事后会因不必要的恐慌而不送孩子来这所小学。
《现代日刊》报道此事。　
　　鉴于森友学园与安倍内阁关系亲密，有日本网民慨叹：“塚本幼儿园让孩子们这么早就见识了营私舞弊，这种早期教育和英才教育太厉害了。”
　　对于森友学园买地问题，日本媒体报道比较消极，有网民怀疑“有某种力量在发挥作用”。
　　而安倍声称：“如果我和妻子（与森友学园买地）有关系，我将立即辞去首相和国会议员职务。”
　　园方：“K国人和C国人诽谤”
　　面对批评，笼池泰典声称是阴谋。
　　他日前声明：“最近，互联网上出现对本园诽谤和中伤的博客。专门机构调查结果显示，投稿者是K国人和C国人等不良家长。现在，园方正在采取包括法律措施在内的严肃对应措施。本园为了恢复日本精神，对于居住在日本的极少数K国人和C国人的行为，将坚决应对。”
　　K是“韩国”的英文首字母，C是“中国”的英文首字母。根据日本法务省制定的标准，种族歧视言论包括显著侮辱的言行，例如使用隐语、略语或遮盖一部分文字，煽动某某人滚出去等。笼池泰典的声明明显违法。
　　笼池泰典此后发表了一份看似道歉的声明，“对存在招致外国人误解的表现表示歉意”，但声称“对于恶意的批评，今后将继续坚持坚决斗争的姿态”。
　　这和日本阿帕（APA）酒店被批后的反应如出一辙。阿帕酒店房间放置否认南京大屠杀和强征随军慰安妇罪行的书被曝光后，阿帕集团代表元谷外志雄认为这是“阴谋”。日本右翼分子历来喜欢塑造各种阴谋，并将日本近代史视为各种阴谋的牺牲品。
　　针对森友学园的做法，有日本网民将森友学园与阿帕酒店、幸福的科学、日本第一党等并称“爱国邪教”。　
　　记者：蓝建中 吴铮
　
责任编辑：李伟山 
",201702222013
"
　　原标题：科学家：十年后地球将进入冰川期 四季或出现更迭错乱
　　[环球网综合报道] 科学家预测称，由于太阳活动性降低，地球或于10年后变冷，进入冰川期。
　　据俄罗斯《消息报》2月22日消息，英国科学家对太阳活动周期进行了模拟实验并得出结论称，人类在10-15年后可能将面临全球变冷的情况。
　　科学家表示，太阳活动强度将在2022-2040年间达到最低值，而其近几年的活动强度会降至16-17世纪的最低水平。届时，地球上将出现短暂的冰川期。
　　此外，科学家认为，新的冰川期将持续30年。与此同时，人们将面临四季更迭错乱及北半球粮食减产等问题。（实习编译：孟安茹）
责任编辑：李伟山 
",201702221709
"
　　原标题：美媒：特朗普就任美国总统后首场美朝会谈取消

　　[环球网综合报道] 路透社25日引述美国《华尔街日报》的报道称，美国国务院拒绝核发签证给朝鲜高级官员后，朝鲜和美国自特朗普就任总统以来的首次接触计划已经取消。
　　《华尔街日报》称，朝鲜外务省高级官员崔善熙（Choe Son Hui）和前美国官员间的会谈，原本预计3月1日、2日在纽约举行，但崔善熙拿不到签证后，会谈已经取消。
　　路透社说，目前尚不清楚美国务院为何拒发签证给崔善熙，不过朝鲜2月12日发射弹道导弹以及金正男案，都可能扮演“相当程度的角色”。
　　但是一名美国国务院官员否认了所谓“双轨”讨论已排定。“美国政府没有计划在纽约举行会谈，”这位官员说，并拒绝评论签证事件。
　　报道还称，韩国外交部官员拒绝评论纽约会谈取消的报道，称报道中的会谈不涉及美国和韩国政府。美国驻韩大使馆也未发表评论。
责任编辑：吴颜 
",201702251423
"
　　原标题：大马称金正男死于神经毒剂 另一嫌犯也现中毒反应
2月24日，在马来西亚吉隆坡，一名护士经过停放死亡朝鲜男子遗体的医院。新华社/法新
　　参考消息网2月25日报道 法新社2月24日报道称，马来西亚警方24日说，朝鲜领导人金正恩同父异母的哥哥被人用致命神经毒剂暗杀。这种毒剂用于化学战，并被联合国列为大规模杀伤性武器。
　　警方公布了关于金正男在吉隆坡机场被暗杀的初步毒理学报告。警方说，用于杀害金正男的是无色无味且毒性极强的VX神经毒剂。在对死者眼睛和面部擦拭样本的分析中发现了VX毒剂。
　　2月13日金正男遭袭的监控录像显示，两名女子靠近金正男，似乎把东西涂在了他脸上。不一会儿，他就向机场工作人员寻求帮助，工作人员将他带到一个诊室。
　　马来西亚警方说，他突然发病，在被送到医院前死亡。尸检排除了心脏衰竭的可能，于是调查人员专注于在他脸上涂毒素的看法，韩国坚称这是一场定点暗杀。
　　VX毒剂只需很小的一滴就能对人的中枢神经系统造成致命损害。该毒剂的唯一已知用途是作为化学武器药剂，美国疾病控制和预防中心称，它是“所有神经毒剂中毒性最强的一种”。
　　马环境部长旺·朱奈迪说：“我对凶手在公共场所使用这种危险化学品感到愤怒，这可能导致其他人的大规模死伤。”
　　马来西亚警察总监哈立德·阿布·巴卡尔说：“我们正在调查毒剂是如何进入我国的。”不过他也说：“如果被带入的量很小，我们很难发现。”
　　地区安全专家对法新社说，利用不需经过常规海关检查的外交邮袋将VX毒剂偷运进马来西亚并不难。
　　马方24日公布的消息引起韩国方面的谴责，韩国外交部称这是公然违反《禁止化学武器公约》和其他国际准则。
　　韩国专家说，朝鲜拥有2500-5000吨化学武器储备，其中包括VX毒剂。
　　路透社2月24日报道称，马来西亚警察总监哈立德24日说，涉嫌徒手用剧毒神经毒剂VX毒杀金正男的女嫌犯之一也受到了毒剂的伤害。
　　他说两名女嫌犯在作案后立即洗了手，但其中一人出现中毒反应，“她出现了呕吐”。但他拒绝说明详情。
　　马来西亚警方正在调查这种已知毒性最强的神经毒剂是由外国带入还是本地制造的。哈立德还说，马来西亚当局将全面检查国际机场及嫌犯到过的其他地方，搜寻是否有放射性材料，并做净化处理。
　　哈立德说：“（我们将）全面检查我们了解的嫌犯到过的所有场所。我们将邀请原子能部门的专家前往这些地方，全面搜查，看看是否仍然有放射性（材料）。”
　　这是警方首次提及“放射性材料”。VX毒剂并不含有放射性物质。
　　VX是《禁止化学武器公约》禁止使用的化学武器。专家表示，这种毒剂并无商业用途，并且只能在复杂的化武实验室内制造。
　　朝鲜储存的化学武器据认为在全球排名第三。韩国分析人士称沙林毒气和VX是朝鲜化武项目的发展重点。
　　液体状态的VX毒剂可通过皮肤和眼睛接触被人体吸收，且不易挥发。美国疾病控制和预防中心的资料显示，接触VX后首先会眩晕和恶心，然后迅速转为抽搐和呼吸衰竭并死亡。据美国陆军埃奇伍德化学生物中心的资料，VX可在15分钟内置人于死地。
　　马警方已经逮捕了这两名女子和一名朝鲜男子，还在追缉另外7名朝鲜籍嫌犯，包括朝鲜驻马大使馆一名外交官。马方一再敦促死者亲属前来协助调查，而朝方要求将遗体交给其大使馆，引发两国间关系紧张。
　　另据美联社2月24日报道称，马来西亚警方已表示两名女嫌犯在涂抹毒剂时并没有戴手套，并且作案后迅速洗手。
　　美国佛罗里达大学法医学部门主管、权威毒物学家戈德伯格质疑她们为什么没有受到致命伤害。他说：“如果她们是徒手作案，那么不采取预防措施的话是不可能让金正男接触到VX的。我所知道的唯一预防措施是事先服用解毒剂。”
　　来源：参考消息网
责任编辑：刘光博 
",201702251307
"

　　距离法国总统选举投票还有两个月，一些对本国政坛彻底“死心”的法国人在网上发起请愿，呼吁奥巴马参选。 一个名为obama2017.fr的竞选网站现身网络，请愿者们还将奥巴马的海报贴在巴黎大街小巷。竞选网站上征集签名的请愿书称，法国人已经受够了这五 年的“鬼日子”，为避免再选出一个失败的总统，法国人已下定决心做出彻底的改变：选一个外国人来当法国总统。“奥巴马刚从美国总统的岗位上卸任，他拥有全 球最完美的履历，我们为什么不聘请他来当法国总统？”
责任编辑：吴颜 
",201702251143
"
　　中新网2月25日电 据日媒报道，3月16日至6月25日，介绍有毒生物的“毒毒毒毒毒毒毒毒毒展・痛(剧毒展2)”，将在位于日本东京池袋的阳光水族馆内拉开帷幕。
图片来源：当地水族馆
　　据报道，此次是继2014年夏季迎来约20万人到场参观后，推出的第2弹特别展。会场中将以“防御目的的有毒生物”、“灵活用毒的生物”、“曾致死的生物”3个主题，将约25种生物进行分组，
　　届时，到场者可以在观赏的基础上，通过触觉、嗅觉等五感官来感受毒的存在。
　　据悉，到场者还可以在水族馆的咖啡厅及商店内，购买到外观看似有毒的餐点以及周边商品。
责任编辑：吴颜 
",201702251115
"

资料图：印尼总统佐科。中新社发 顾时宏 摄

　　[环球时报驻澳大利亚、印尼特派特约记者 李锋 游弦鹤 环球时报记者 郭媛丹]“如果不导致局势紧张，我认为印尼与澳大利亚共同进行南海巡航，是非常重要的”，《澳大利亚人报》24日刊登对印尼总统佐科的采访，他的这一表态引起外界关注。25日，佐科将抵达澳大利亚，这是他就任总统以来首次访问这个大洋洲邻国。不过他人还未到，就在澳大利亚引起争议。
　　佐科本来计划去年11月访问澳大利亚，但由于国内爆发大规模游行示威而推迟。印尼与澳大利亚的关系近年来一直处于冷淡状态，两国因难民、电话监听和司法纠纷等问题一度闹得不可开交。有评论认为，此次佐科造访澳大利亚标志着两国关系开始回暖。《悉尼先驱晨报》24日称，佐科访澳的主要内容是贸易和投资，包括推进印度尼西亚—澳大利亚全面经济伙伴关系协定谈判，向澳大利亚市场推销木材、棕榈油、纸浆等产品，以及在堪培拉、墨尔本和珀斯建立三个印尼语中心。
　　但不可否认的是，此访最令外界关注的还是佐科在访问前再次提出的两国共同在南海巡航计划。“我们将与特恩布尔总理就此进行会谈”，佐科在接受《澳大利亚人报》采访时说。报道称，中国渔船和印尼去年在纳土纳群岛海域多次发生冲突。纳土纳群岛是印尼领土中最靠近南海的部分，中国和印尼对纳土纳群岛归属没有争端，但双方在200海里专属经济区的划分问题上有争议，印尼一直担心该群岛周围部分水域与中国的南海九段线主张有重合。
　　去年10月，澳大利亚和印尼外交部门就曾传出“正考虑和平联合巡航南海”的消息。有别于澳方积极向外透露共同巡逻的议题，印尼方面的回应相对低调，一直强调“和平巡航”只是提议，“不针对任何国家”。
　　路透社24日说，传统上印尼在南海争端问题上持中立态度，往往能够在中国与菲律宾和越南这样的东盟成员国之间扮演缓冲角色。但自从两国出现海上专属经济区划分争议后，印尼开始采取强硬态度，去年10月在紧邻南中国海的边缘举行了大规模的军事演习。
　　佐科的共同巡航提议虽然设置了“不导致局势紧张”这个前提，但仍然在澳大利亚掀起热议。“玩火”，澳《每日电讯报》24日以此为题发文称，澳大利亚前国防军司令安格斯·休斯顿警告说，澳参与在南海的巡航“无异于玩火”，“澳大利亚不应在中国南海建设岛礁的12海里范围内参与所谓的航行自由行动，这可能引发（来自中国的）军事反应，我不认为这是一个好主意。”
　　作为一个域外国家，澳大利亚在南海问题上没少说话，但在多大程度上介入这一问题，在澳一直是争议话题：一边是维系目前高水准生活质量的最大贸易伙伴中国，一边是几十年来为自己提供“安全保障”的美国。《每日电讯报》称，佐科提出共同巡航的建议实际上是在检验澳大利亚对印尼的态度，两国关系长期不睦，但彼此作为重要的海上邻国，又都有修复双边关系的强烈愿望。如果澳同意佐科的提议，两国关系无疑将迈出一大步。还有澳媒认为，两国在围堵非法移民和阻断恐怖主义海上通道方面有共同需求，确实有联合巡航的必要。但在哪些海域联合巡航却是一个敏感话题。不过也有评论认为，澳大利亚对美国要求其加入南海巡航的要求都躲躲闪闪，同意加入印尼巡航计划的可能性有多大实在令人怀疑。澳《金融评论报》说，当前的形势是，随着特朗普政府的上台，中国在亚太地区的影响力更加凸显，在菲律宾、马来西亚等东盟国家纷纷强化与中国关系的情况下，发展紧密的对华关系无疑符合澳大利亚的利益。
　　中国海洋问题学者刘锋24日接受《环球时报》采访时表示，此次印尼和澳提出“共同巡航南海”的国际环境有明显变化。一方面南海局势持续向好，有关周边国家合作势头加强；另一方面特朗普政府上台，南海政策正酝酿新的调整。在这个时刻重提该动议，释放试探气球、下先手棋的意味明显。
　　刘锋认为，印尼和澳“共同巡航南海”有很多疑问。澳大利亚在蹚南海浑水这件事上向来是说得多做得少，虚张声势居多；另一方面，对于印尼而言，在目前整个南海局势缓和的大环境下，印尼作为东盟最大的国家，也要顾及中国和东盟关系，不可能一意孤行，所以具体实施尚需观察。
Save
Save
Save
责任编辑：吴颜 
",201702250914
"
　　自特朗普上任以来的首次朝美会谈计划被取消，因为美国国务院已确定拒绝向朝鲜的外交特使崔善熙核发赴美签证。

　　据《华尔街日报》报道，崔善熙原定于3月1日至2日在纽约与美国官员举行会谈。这是特朗普就任美国总统以来朝美官员首次传出接触计划，也是自2011年以来首次传出朝鲜高级特使要访问美国。

　　由于崔善熙未能拿到赴美签证，此次会谈计划已经取消。目前尚不清楚是什么原因导致了美国的拒签。但外界猜测，朝鲜日前的导弹试射以及金正男在马来西亚被杀，或许对拒签决定起到了一定作用。
责任编辑：隗俊 
",201702261200
"
资料图：美国空军的WC-135W
　　[环球网军事2月26日报道]德国《图片报》网站2月23日报道称，欧洲大片地区出现辐射警报，近几个星期来大气中检测到的放射性物质碘131含量增多。从挪威到西班牙的整个中西欧都受到影响。
　　德国联邦辐射防护局21日在回复询问时说，弗莱堡的监测站也在近地大气中检测到了碘131——从而证实了捷克辐射防护部门的类似报道。然而原因完全不明。同时联邦辐射防护局也强调，每立方米百万分之一贝克勒尔的浓度极低，因此没有理由担心。
　　22日，美国空军的五架飞机从伦敦以北的英国米登霍尔皇家空军基地出发向北飞行。其中一架是波音WC-135。由波音707改造而来的该机型极其罕见，仅用于核事故的侦察。近日WC-135就曾在英国上空执行过任务。
　　英国军事专家托马斯·纽迪克表示，美国核辐射侦察机在英国执行任务“十分非同寻常”。他指出，该机型也曾在2011年3月福岛核电站事故中执行过任务。纽迪克说，“飞行与核问题有关几乎是确定无疑的”。
　　WC-135核辐射侦察机22日与三架加油机和一架RC-135侦察机一起启航向北飞行。具体飞往哪里仍是机密。纽迪克说：“这是否关系到一场军事事件我们无法确定。”
　　碘131是一种人工放射性核素，可以用于医学，也会在核电站运行过程中产生。相继检测到特殊高含量的挪威和法国卫生部门强调它不构成健康威胁。因为该物质的量过小，而大气层中也含有该物质。捷克辐射防护部门也表示：“没有任何理由担心它会对人体产生什么影响。”碘131特殊的地方在于：它的半衰期只有8天。这意味着：辐射显然来自于年初所发生的某个事件。一位英国放射线学者说：“释放很有可能就发生在不久之前。”
责任编辑：隗俊 
",201702261026
"
　　[环球网报道 记者 初晓慧]日本共同社2月25日引述联合国报告称，埃及政府从去年8月截获的朝鲜籍船长等乘坐的货轮上扣押了约3万发朝鲜制便携式火箭弹（约132吨）及大量的铁矿石，认为朝鲜采用逃脱制裁的手段，企图进行大规模武器交易。
　　报道还称，此次扣押的朝鲜制同类武器的数量创下最高纪录。有分析认为，以往的安理会制裁决议已全面禁止朝鲜出口武器，但作为该国核及导弹的开发资金来源之一，武器交易仍在继续。
　　共同社认为，藏有火箭弹的集装箱的最终目的地尚不清楚，除埃及外，也可能是运往与朝鲜有军事合作的叙利亚和非洲。
　　共同社引述联合国安理会属下的专家小组报告称，埃及政府去年8月11日在领海截获了从朝鲜开往苏伊士运河的一艘货轮。对船内进行调查后发现，在大量铁矿石下面藏有被拆解的约2.4万发朝鲜制便携式火箭弹，以及约5000发火箭弹的零部件。安理会去年3月通过的决议也禁止朝鲜产铁矿石的交易。
　　报道称从报告中还获悉，朝鲜情报机构“侦察总局”运营的企业利用据点设在马来西亚的公司，欲向非洲的厄立特里亚出口军用无线电设备等。报道又称，有分析认为，朝鲜正在与不履行制裁的非洲各国大力开展贸易。
责任编辑：隗俊 
",201702261045
"
　　中新网2月26日电 综合报道，当地时间25日晚，美国路易斯安那州新奥尔良市的节日游行期间，一辆汽车撞入观看游行的人群，导致多人受伤，12人情况危急。当地警方称，一人被拘留。
　　警方发言人安布里娅·华盛顿称：“据初步数据显示，约12人情况危急。”她不排除随着调查的继续，受伤人数还会增加。
　　目击者称，这辆汽车在撞上另外两辆车后，冲入了人群。目前不清楚此次事件是否系故意袭击，有目击者表示，司机似乎喝醉了。警方则称，此次事件目前没有恐怖主义的嫌疑。
责任编辑：隗俊 
",201702261029
"
　　中新网2月26日电 综合报道，德国总理默克尔所属的基民党，已正式提名默克尔征战9月国会大选。目前，默克尔面临来自社民党候选人舒尔茨的强劲挑战。
　　据报道，25日，默克尔在基民党分支于麦克伦堡-西帕默瑞尼亚邦召开的大会中，赢得95%党代表的支持。她在该选区拥有政治基本盘。
　　民调显示，默克尔意外面临来自中间偏左社会民主党的强劲挑战，社会民主党因选择前欧洲议会议长舒尔茨来挑战默克尔，而战力大增。
　　默克尔在25日的演讲中没有提及舒尔茨，但她赞扬了由其前任、社民党总理施罗德所实施的经济改革。而舒尔茨20日则批评了施罗德的劳工和社会福利改革。舒尔茨承诺扩大年长者失业福利，及取消无期限的临时工作契约，支持固定期限契约。
　　德国《商务日报》评论称他是“社民党的罗宾汉”，“舒尔茨改变社民党路线向左转”。社民党长期以来民调支持度约20%，落后默克尔的基民党15个百分点，但“舒尔茨效应”将这两个最大传统政党的竞争再度升高到不相上下的地步。
责任编辑：隗俊 
",201702260856
"
首都圣地牙哥近400万居民的饮用水被切断。（图片来源：法新社）
　　中新网2月27日电 据外媒报道，智利连日暴雨引发土崩，导致4人丧命，供应水源的主要河流也受到污染，当局被迫暂时切断首都圣地亚哥近400万人的食水供应。
　　据报道，当地时间25日起，暴雨导致土石流与瓦砾堆冲入迈坡河（Maipo）。这条河供给圣地牙哥大部分居民的用水。
　　该地区首长奥里戈说， 断水将使全市650万人口当中超过60%受影响，约等于390万人。
　　据悉，当局下令没有水源供应的餐馆和公司暂停营业，学校也被令延迟开学。
　　当局表示，目前还无法确定何时才能恢复水源供应。
责任编辑：吴颜 
",201702270942
"
资料图：白宫新闻简报室
　　中新网2月27日电 据外媒报道，有消息人士称，在发生出现“泄密门”事件后，美国白宫新闻秘书斯派塞下令对白宫工作人员的手机进行检查，以防他们将消息泄露给媒体。
　　据报道，日前，斯派塞将白宫工作人员叫到其办公室，重申了近期发生的泄密事件的严重性。他还称，工作人员们在手机上使用短信加密应用，这种行为违反美国联邦记录法。
　　消息人士称，斯派塞还检查了工作人员们的手机，确认他们是否使用加密应用，以及是否和记者私下联系。
　　斯派塞方面拒绝对上述消息置评。
　　近期，白宫多次发生“泄密”事件。在最近的一起事件中，白宫方面任命通信主管的人事决定被媒体提前曝出。
责任编辑：吴颜 
",201702270937
"
　　原标题：BBC记者赴日拍援交纪录片 遭警方阻拦
　　[编译/观察者网 武守哲]BBC三台的纪录片制作者斯塔茜·多莉（Stacey Dooley），在赴日本拍摄有关“援交少年”的纪录片时，遭到了警察的干预和阻拦，并被强制扣押两个小时。
　　纪录片的名字叫《用来出卖的少年情色》（Young Sex For Sale）。29岁的斯塔茜想深挖日本的援交女孩问题，比如甚至只有六岁的幼女是如何遭到“性盘剥”的。
29岁的BBC纪录片制作者斯塔茜·多莉
　　斯塔茜说：“这部纪录片主要聚焦了这样一个事实，就是日本何以迟至2014年才宣布儿童色情为非法。”
　　“我们尝试着想搞明白，为什么日本在这个问题上如此“特别”，这么晚才判此为非法。而且我们想调查一下，在法律法规出台之后，实际情况的操作又是如何。”
　　过去，日本因为在儿童性滥用问题上而饱受国际舆论的批评。
　　日本情色化的少女图片遍布全国，男人们可以付费和那些给站街的学生妹们，以获取会面相处的机会，而且在日本涉及儿童强奸的漫画书随处可见。
　　斯塔茜在东京的高中少女巷（JK Alley）取景的时候遭到成年男性的阻拦。JK是日语“高中女孩”（Joshi kosei发音的缩写）。在少女巷，男人们可以向这些高中学生妹们付费共度良宵。
　　两个男人横在斯塔茜面前，告诉她不准录像，之后警察赶了过来。
 斯塔茜自称自己身体很强壮，但拍摄过程并不平坦 
　　在被警察拘押后，斯塔茜对着镜头说：“我现在被警察强行拘押了两个小时了，他们不让我们走。”
　　虽然日本法律在青少年性交易问题上做出了修改，这部纪录片却解释了现实生活中的另一面：日本为什么仍对儿童性交易行为“正常化”。
　　在拍摄过程中，斯塔茜和某慈善机构的志愿者会面过，还走访了日本国家警察青少年保护处总部，了解他们对少女们的保护情况。
　　谈起对那些买春男性的拍摄时，斯塔茜说：“我被那些成年男性恐吓威胁过，我可是一个年近30岁的强壮女性。”
斯塔茜在和一位日本人权律师交谈：“这（青少年性交易）明显是在违背和滥用孩子们的天性啊。”
　　“一旦那些女孩们接受了援助和成年男性们交往……她们就很容易被摆布。如果她们被要求做一些她们不愿做的事情，我不知道她们是否有信心说不。”
　　日本“援交”现象的出现，其根源仍然是一个涉及到历史、家庭、教育、文化环境的综合性社会问题，而且目前也多少影响到了韩国、中国香港、中国台湾等国家和地区。
　　斯塔茜·多莉大调查：《日本：用来出卖的少年情色》将在2月28日的BBC三台播出。
责任编辑：刘光博 
",201702270938
"
　　中新网2月27日电 据美国中文网报道，当地时间26日下午，纽约9/11纪念馆在世贸中心遗址前举行悼念1993年世贸中心爆炸案24周年活动。6名罹难者亲属到场献花，在悼念逝者的同时，提醒民众反恐警钟长鸣。
　　当天下午12点18分，在悠扬的风笛声中，到场嘉宾手持鲜花，为6名在世贸中心爆炸案恐怖袭击里丧生的罹难者默哀。
　　1993年2月26日，世贸中心大楼地下二层的停车场被1500磅炸药引爆，炸弹炸出一个长60米，宽30米的大坑，大楼内多处起火，造成了6人死亡，超过1000人受伤。
　　9/11纪念馆主席格林沃德在发言中说，灾难虽然已过去，但并不会被忘记。前世贸中心执行董事麦基什在悼念活动上表示，时至今日，灾难已过去了24年，我们在悼念逝者的同时，更重要的是提醒世人要时刻警惕恐怖袭击的威胁。
　　一名遇难者的儿子迈克尔·马科说，24年前他才20岁，他的父亲当时是纽新航港局的员工。父亲在恐怖袭击中丧生，作为儿子每年回来纪念父亲是一个义务，让世人了解恐怖主义的危害也是十分重要。
　　6名参与1993年世贸中心爆炸案的恐怖分子被判处终身监禁。其中，幕后主谋之一，78岁的盲人牧师奥马尔因糖尿病和冠心病，于上周在北卡罗莱纳州的监狱中去世。
责任编辑：吴颜 
",201702270932
"
资料图：朝鲜发射弹道导弹
　　无核化是半岛和平稳定的前提和保障
　　————与阎学通教授商榷
　　《环球时报》2月23日刊登阎学通教授题为《外部威胁尚不足以颠覆中国崛起》的文章（以下简称《外部威胁》一文），对中国崛起的安全环境做了全面精到的分析，显示出论者的战略眼光，读后很有启迪。但该文模糊坚持半岛无核化的重要性、紧迫性的看法，认为中国只能在对华“友好”或“不友好”的有核朝鲜中做出选择，无核朝鲜已不可能成为选项。这一观点值得商榷。
　　“维和”优先于“无核化”是错误的
　　《外部威胁》一文说，在朝核问题上中国有“维护和平”和“无核化”两个不同的利益，由于中国“有能力防止半岛发生战争，但没有能力消除朝鲜的核武器”，因此，当二者发生冲突时，中国需要进行“优先排序”。具体排序方法作者没说，但显而易见是将 “维和”作为优先选项，让“无核化”服从于“维和”。
　　笔者认为，中国坚持的“实现半岛无核化、维护半岛和平稳定、通过对话协商解决问题”的三项 原则是有机的统一。其中“半岛无核化”是“维护半岛和平稳定”的途径和条件，“维护半岛和平稳定”既是最终目的，也是实施原则。这一原则的基本作用是制约 各种“乱作为”，以防“生战生乱”，绝不意味着为了避险，允许在“无核化”上“不作为”。 《外部威胁》一文将“维和”同半岛“无核化”对立起来，认为二者冲突时应当首选“维和”，而将半岛“无核化”置于可急可缓甚至可有可无地位，这是错误的。
　　半岛无核化是半岛“维稳防战”的前提和保障，没有“无核化”，半岛和平稳定就无从 谈起。朝鲜“拥核”成为半岛和平稳定的重大现实威胁，已是不争的事实。如果说 “多米诺骨牌”效应和军备竞赛，是朝鲜“拥核”对半岛和平稳定的潜在威胁，那么，它所带来的巨大现实安全威胁正在步步逼近。
　　美国目前以应对朝鲜核导弹威胁为借口，正在加快部署“萨德”；在引进更多的战略武器的同时，大力强化美韩、美日同盟，甚至不排除对朝发起武力打击。一个时期来， 学术界和国际社会对“美国可能对朝动武”的忧虑不断上升。去年12月27日，阎学通教授接受《环球时报》专访时曾预测，特朗普执政期间，不排除“轰炸朝鲜核设施的可能性”。在这种形势下，绕过无核化能够实现“维和防战”吗？答案显然是否定的。
　　最根本的原因就在于，朝鲜核武装为美国武力打击提供了借口和由头。对美国来说，核 导弹游戏朝鲜一旦玩过了头，威胁到美国的安全，它就会不惜动武加以制止。在这种状况下，要在半岛“维和”，一般地做好“反战”、“备战”、“避战”各项工 作已经不够，更要先手着棋，谋求根本解决问题。也就是说，必须采取坚决果断措施，拆除“朝核”这颗定时炸弹的引信，打掉美国动武的借口，从而消除战争危 险。因此，半岛无核化在当前已不是可有可无，而是重中之重和当务之急。非如此便难以做到止战避乱。
　　伴随着崛起，中国在半岛的防战止战能力确有长足增长，但是，恐怕还不能说这种能力已达到能够掌控和驾驭半岛形势的程度。中国不容许半岛生战生乱，是一个坚定的态度，然而战争机器和主导权并不掌握在中国手里。对此，朝鲜也不要指望中国为其“背书”。
　　半岛无核化机制依然存在和运行
　　《外部威胁》一文说“中国没有能力消除朝鲜的核武器”，不错，但也并不完全。单靠 中国一家当然不可能实现半岛无核化，但是，朝鲜的核武问题已经引起多方关注，国际社会对此已有共识，如果能够做到步调一致和战略正确，半岛无核化目标完全 可以预期。中国在半岛无核化阵线中不占据主导地位，不应强加给中国无力承担的责任，但中国发挥与自身地位相适应的作用则理所应当。
　　应当承认，由于种种因素限制，中国的作用受到影响。近来中国政府暂停进口朝鲜煤炭，是一个重要的举措。中国当前应当做也能够做的就是毫不动摇地坚持半岛无核化方针，克服各种阻碍，坚决、严格履行安理会决议，通过让朝感到“疼痛难忍” 的制裁与国际无核化阵线的行动相配合，打消其幻想，从而迫其选择弃核和回归对话解决的正轨，走上谋求国家长治久安的道路。中国坚持中朝友好的基本方针，与 坚持半岛无核化并不抵触。中国的作用就是促使朝鲜幡然悔悟，改弦更张，完全是正能量。
　　《外部威胁》一文还认为，由于朝鲜“拥核”大政方针已定，“无核武器的朝鲜”已不 复存在；中国只能在“对华友好的有核武器的朝鲜”和“对华不友好的有核武器的朝鲜”当中二者选一。文章给出的政策选项传递的是“无核化失败论”的声音，主 张中国接纳一个“有核的朝鲜”。在当前急需推进半岛无核化的关键时刻，这些论调不合时宜并且有负面影响。
　　朝鲜确实有着强烈的拥核意愿和决心，但判断其目标能否实现却不能单凭这些，内部资 源和外部环境形成的严重制约也必须看到。换句话说，判断半岛无核化是否失败，不能只看朝鲜当局宣示的决心，也不能单看所遭遇的挫败，更主要的指标是国际社 会的态度。当前国际社会反朝核立场坚定不渝，半岛无核化机制依然存在和运行，对朝鲜核武装进程形成巨大牵制。在这种形式下怎可断定无核化失败？况且，目前 朝鲜核导能力虽有迅速进展，但离最终“化蛹成蝶”还有一段距离，给它戴上“有核国家”的桂冠是否有些过早？
　　阎学通教授近年来一直倡导“道义现实主义”，“道义现实主义”的基础是坚持国家利 益的原则，但主张通过承认拥核与朝鲜交好却违背了这一原则。应当冷静地看到，接纳“有核武器的朝鲜”虽然可能成为短暂拉近中朝关系的“黏合剂”，但对中国国家利益的损害更为巨大和深远。（作者是中国亚太学会朝鲜半岛研究会委员）
Save
Save
责任编辑：吴颜 
",201702270915
"
　　中新网2月27日电 据韩媒报道，韩国宪法裁判所27日下午进行总统弹劾审判最终庭审辩论。这是总统弹劾案的最后一次庭审辩论，警方在宪法裁判所周边部署了200多名警力，以防发生意外。
　　韩国宪法裁判所表示，当地时间当天上午10时许，总统代理人团向宪法裁判所提交了252页的预先准备文件。
　　朴槿惠已表明不出席庭审，朴槿惠的最终辩论内容将由代理人团在法庭上代为宣读。

　　最终庭审辩论于27日下午2时开始，法庭在询问是否有另外提交的证据后，立即开始进行最终辩论。
　　韩国国会委员团方面主张，朴槿惠总统滥用职权，在发生“世越号”沉船事故当天未能履行保护国民的义务等，违反了《宪法》和法律。

　　总统代理人团方面则表示，国会并未明确提出弹劾总统的事由，总统并不存在被弹劾的重大过失。
责任编辑：吴颜 
",201702271412
"
　　中新网2月27日电 据外媒报道，当地事件26日，巴西里约狂欢节游行期间发生一起意外。一辆游行彩车撞上道路围栏，造成至少12人受伤。
　　据报道，事发时，一辆搭载了桑巴舞者的彩车撞上围栏，导致游行观众、表演者、记者等人员受伤。
　　目前，里约警方已经对这起事件展开调查。警方表示，3名彩车操控者将在27日早间接受询问。此外，彩车司机的身份已经确认，该人将成为调查的重点。
　　报道援引医疗协调部门人员的话称，共有12人在事件中受伤。另有巴西媒体称，有20人寻求治疗。
责任编辑：吴颜 
",201702271413
"
　　中新网2月27日电 据外媒报道，当地时间27日，印度尼西亚万隆市一个公园内发生爆炸。随后，一名与爆炸有关的袭击者逃进当地政府大楼，并与警方交火。目前事件局面已得到控制。
　　报道称，在经历了约1个小时的对峙后，这名袭击者被捕。警方称这起袭击与“恐怖主义网络”有关联。报道还称，爆炸是由用高压锅制成的炸弹引发的。
　　电视影像记录下了警方和袭击者交火的场景。画面显示，政府大楼部分建筑起火。
　　印尼当地警方官员称，无人员在这起事件中受伤。政府大楼中的人员全部疏散。
责任编辑：吴颜 
",201702271345
"
现场图
　　据印尼警方的消息，印尼万隆市的一个政府大楼内发生爆炸，随后，当地警方赶到现场并与袭击者交火。据当地媒体报道，事发后，警方在该政府大楼内逮捕了一名袭击者，并对爆炸事件展开调查。警方表示，根据初步调查，该大楼内的爆炸装置为高压锅炸弹。
责任编辑：吴颜 
",201702271344
"
　　[环球网综合报道] 据英国路透社2月26日报道，特朗普挑选的美国海军部长人选菲利普•比尔登在26日表示，由于希望保持个人隐私与商业关系，他放弃出任海军部长的任命。
　　据报道，特朗普上个月任命比尔登担任海军部长，后者曾经是一名私募基金管理者和美军前情报官。
　　这已是第二次特朗普中意的军队领导人选因任职或会与其个人利益关系的规定有冲突而回绝任命。
　　据报道，比尔登1986年到1996年是美国陆军后备部队的情报官，之后前往香港地区发展，为全球私募基金管理公司HarbourVest Partners LLC服务25年后退休。在通过五角大楼发表的声明里，比尔登表示，他如果满足“政府道德办公室”的过滤要求，那将会有碍他的家庭商业关系。
　　本月稍早时候，特朗普所任命的陆军部长人选文森特•维奥拉回绝出任，理由是他感觉自己无法通过国会的任命听证会、以及国防部关于出任公职与私人商业关系的规定。（实习编辑：马娜 审核：谭利娅）
责任编辑：吴颜 
",201702271312
"
　　中新网2月28日电 据《联合早报》报道，英国反恐立法独立监察人警告，英国目前面对的恐怖威胁已达70年代爱尔兰共和军威胁以来的最高水平，现在国际恐怖组织伊斯兰国正在策划对无辜的英国民众发动一系列大规模的恐怖袭击。
　　据报道，希尔（Max Hill）是英国刚委任的反恐立法独立监察人，负责监察英国反恐相关的法律。他在接受《星期天电讯报》访问时指出，伊国组织计划在英国各个城市对无辜民众发动恐袭，其规模堪比40年前爱尔兰共和军发动的袭击。
　　他说，英国“面对巨大的持续性威胁，是任何人都无法忽视的”。
　　希尔认为，恐怖分子可能通过两个途径进入英国。首先，有数以百计的英国公民前往中东地区参加“圣战”，而这些“圣战士”已经回国，或将回国。其次，年轻人可能在网络上被极端主义视频和仇恨言论激进化。
　　最近，伦敦有五名15岁至19岁的青少年因恐怖威胁相关的罪行被扣押。其中四人计划前往叙利亚加入伊国组织，他们被控策划在国外发动恐袭。
　　另一人则被控拥有恐怖主义相关的材料，包括伊国组织的出版物和制作炸弹的视频。这五名青少年将于3月17日在伦敦老贝利中央刑事法院受审。
　　据了解，在70年代，爱尔兰共和军在英国发动一系列恐袭，酒吧、火车站和国会大厦一再遭炸弹袭击。
　　90年代后期，英国和爱尔兰共和军达成《贝尔法斯特协议》（Belfast Agreement），这是北爱尔兰和平进程的一个主要里程碑，也结束了北爱尔兰30年的流血冲突。
责任编辑：吴颜 
",201702280814
"
　　[观察者网综合]俄媒称，在伊拉克距摩苏尔不远处发现大约4000具遗体的集体墓葬。目前，正在这一区域展开打击“伊斯兰国”（以下简称：IS）。这是《每日电讯报》报道的消息。

资料图：在伊拉克发现的墓坑

　　俄罗斯卫星网2月27日报道称，距连接摩苏尔和首都巴格达公路哈斯法地区不远处有一个大坑。IS武装分子于2014年将抓获的伊拉克军人杀害，并将他们埋入坑中。据当地百姓介绍，2014年夏，武装分子在攻下摩苏尔后6个月开始在哈斯法展开杀戮。
　　目击者指出，大多是受害者是被枪杀的。其中一位目击人叫马赫穆德。据他介绍，他被强制观看，武装分子如何在一天之内杀害大约2000名伊拉克军人和警察。其中就有他的亲属。马赫穆德还曾看到，一辆载有雅兹迪人的汽车被推进了大坑。
　　2015年6月前，武装分子向大坑填土。之前还向大坑内投入载货集装箱和水泥墙体碎块。
　　近日，伊拉克总理海德尔·阿巴迪宣布，在摩苏尔西部地区展开清缴IS行动。24日，伊拉克政府军攻下靠近摩苏尔西部地区的军事基地和村庄，并进入城市西部 居民区，同时控制住机场。从2016年10月开始，伊拉克军队和以美国为首的联军展开军事行动。期间已将东部摩苏尔全部解放出来。
Save
责任编辑：吴颜 
",201702280754
"
　　中新网2月28日电 据“中央社”报道，日本众议院院会本月27日审理总额创新高的新年度（4月起的财会年度）预算案，在执政联盟自民、公明党等赞成票占多数的情况下，通过预算案，送交参议院审理。
　　据报道，日本新年度（4月起的财会年度）预算总额为97.4547兆日元，连续5年创新高。众议院院会今天通过新年度预算案之后，送交参议院审议。即使参议院不在30天内议决，在2016年度（至3月底为止）内，新年度预算案也会通过。
　　据悉，该新年度预算案当地时间27日下午先是在日本众议院预算委员会，由自民、公明党赞成票占多数的情况下通过。
　　当地时间傍晚，日本众议院院会召开，新年度预算案紧急排上议程。在众议院院会上，自民党认为，希望能早日让附有最大型景气对策的新年度预算案通过，强力推行“安倍经济学”，让日本确实摆脱通货紧缩。
　　尽管在野党反对通过新年度预算案，但傍晚的日本众议院院会后来还是以记名投票进行表决，在自民、公明党等赞成票占多数的情况下表决通过，新年度预算案送交参议院审议。
　　据了解，日本2017年度预算案包含金额创新高的防卫费（含美军重编相关费用在内的国防费）5.1251兆日元的预算编列。
责任编辑：吴颜 
",201702280743
"
　　中新社伦敦2月27日电 （记者 周兆军）英国前首相约翰·梅杰27日在英国皇家国际问题研究所发表演讲。他表示，英国决定脱离欧盟是一个“历史性错误”，离开欧盟不仅会使英国经济面临难题，更会带来严重的政治后果。
　　在英国举行“脱欧”公投前，梅杰站在“留欧派”一方，但公投结果揭晓后，他不再对这一问题发表评论。“作为公投中失败的一方，我从去年6月起保持沉默。”梅杰说，“但是现在，我越来越多地关注到，英国民众对脱欧后国家的前景太过乐观和不现实，似乎认为脱欧是不需要付出代价的。”
　　他警告说，在脱离欧盟的过程中，英国将支付巨额的“分手费”。据欧盟谈判代表估算，英国可能要支付400亿至600亿欧元的账单，这个数字是有争议的，但肯定会是一笔巨额开支。
　　梅杰说，英国与欧盟达成新的贸易协定将是非常复杂的，任何协议都必须获得欧盟其他27个成员国的一致同意，而每个国家有不同的经济利益，没有人能够预估达成协议需要多长时间，在两年内达成协议的预期太过乐观了。
　　与经济上的难题相比，梅杰认为英国“脱欧”的政治后果更加严重。他指出，最近四十多年来，与美国的关系和与欧盟的关系是英国外交政策的两大支柱。但“脱欧”之后，英国将更加依赖美国，而现任美国总统特朗普比历任美国总统都不可预测和不可靠。而且美国需要的是一个在欧盟内部的紧密盟友，一旦英国离开欧盟，英美关系也会发生变化。
　　梅杰说，英国已经对欧盟造成了伤害，失去英国后欧盟的力量会被削弱，而且欧盟的“性格”也可能会改变，变得更加保护主义，而不再是全球自由贸易的支柱，这样的欧盟反过来也会损害英国的利益。
　　梅杰于1990年至1997年担任英国首相，卸任后一向保持低调，这次演讲是他首次就英国“脱欧”议题详细阐释自己的观点。
　　英国政府提交的“脱欧”法案已获得国会下议院通过，目前正在上议院审议。如果上议院也通过这项法案，英国将在3月底之前触发《里斯本条约》第50条，正式开启“脱欧”谈判。（完）
责任编辑：吴颜 
",201702280730
"
　　中新社柏林2月27日电 (记者 彭大伟)针对菲律宾“阿布沙耶夫”反政府武装此前发布的对德国人质坎特纳实施斩首的视频，德国政府27日发布声明称，已确认此前在菲律宾被挟持的这名德国人质遭到杀害。德国总理默克尔当天通过其发言人对此予以严厉谴责。
　　默克尔谴责这是一起卑鄙的罪行。她说，杀害德国人质的行为“再次表明了恐怖分子多么地丧尽天良和泯灭人性”。她呼吁各方团结一致，共同打击恐怖主义。
　　德国外交部发言人当天表示，对暴行予以最强烈谴责，并将全力与菲律宾当局合作将凶手绳之以法。
　　德国电视一台援引菲律宾政府表态称，菲政府谴责这一行为是“野蛮的”。
　　70岁的坎特纳于2016年11月初与其女友在菲律宾和马拉西亚等地海域进行长途风帆旅行时遭劫。坎特纳59岁的女友当场丧生。之后，坎特纳处于“阿布沙耶夫”组织挟持之下。
　　在此之前，坎特纳曾通过视频向外界求助。据报道，挟持者提出索要57万欧元的赎金。在营救努力无效后，“阿布沙耶夫”组织放出了上述斩首视频。
　　早在2008年，坎特纳和女友就曾遭遇过一次绑架。当时他们驾驶帆船在索马里沿岸航行时遭到劫持，并被扣留超过50天。据德媒报道，当时在支付60万美元赎金后，两人最终得以获释。(完)
责任编辑：吴颜 
",201702280703
"
　　中新网2月28日电 据美媒报道，美国总统特朗普和第一夫人梅拉尼娅日前在白宫主持首个节日式宴会，宴请美国各州州长。特朗普在宴会上致敬酒词时表示，就职之后的4周充满了乐趣，这项工作很简单。
　　报道称，总统邀请全美州长到白宫参加晚宴是一个年度传统。这次的晚宴是特朗普和梅拉尼娅首次在白宫举办这种节日式的活动。
　　特朗普表示，前来参加宴会的州长人数达46人，是一个创纪录的数字。
　　特朗普没有提到当晚同时在举行的奥斯卡颁奖，也没有提到白宫记者协会晚宴。特朗普称赞国土安全部部长凯利说，在过去的4个星期里，所有他们当初想要完成的事情都变成了现实，边境管理更加严格。
　　虽然当天特朗普的海军部长人选菲利普·比尔登出于对隐私和自身商业利益的担忧而放弃了提名。不过特朗普却表示，现有的团队非常出色，尽管世界上还有存在一些重大问题，但是对目前团队的工作方式感到很满意。
责任编辑：吴颜 
",201702280856
"
　　原标题：余波未平：土耳其将开审300多名未遂政变嫌疑人
　　中新网2月28日电 据外媒报道，就2016年7月15日发生的“未遂政变”，土耳其司法本月28日将在安卡拉再次开庭，审判300多位与该案相关人员，其中有不少军人。
　　据报道，2016年7月15日土耳其发生的“未遂政变”案涉及到大约1200位被告人，预计28日被开庭审判的人多达300多人，为了这次特殊的审判，法庭特地在安卡拉的一个监狱内建造了一座面积达到12500平方米的会议厅，最多可以容纳700个被控人员和500个律师。

　　但28日的审判只针对300多人，他们中有一些土耳其炮兵部队人员和军事学院学生，这些人中一部分有可能被判好几百年的徒刑，这一审判将会持续到三月底。
　　十几个与土耳其“未遂政变”案相关的司法审判已经或即将在未来几周内开始。但被指控发动“未遂政变”的主谋是居住在美国的“居伦运动”领导人居伦。
　　据悉，2016年7月15日土耳其发生的未遂军事政变，造成近250人丧生。之后土耳其被拘捕的嫌疑人有4万多名，约10万人开除公职。这些人大多来自军警、司法、情报、政府部门和学校。土耳其执政党则宣佈继续实施紧急状态，封杀了超过130个媒体，逮捕约150名记者。

　　去年12月底，土耳其最大城市伊斯坦布尔一家法院开始审理一些涉案警察。今年1月30日，包括土耳其军队前高级军官在内的270人在土西部城市伊兹密尔受审。
　　今年2月20日，47名被土耳其当局指控曾参与计划了去年“7·15 ”失败政变的反政府人士，也被送了该国南部穆拉省当地法庭进行审理。
　　去年7月土耳其发生流产政变以来，136名土耳其外交官、军人与他们的家属向德国寻求庇护。有些人是土耳其派驻在德国北约军事基地的军官。
　　上个月，希腊法院拒絶引渡提出避难申请的8名土耳其军人。
Save
责任编辑：吴颜 
",201702280829
"
　　中新网2月28日电 据外媒报道，最近，围绕扩大总统职权这个课题，在土耳其国内引起争议不断。
　　近日，该国土耳其青年会的一批成员在安卡拉的国会大厦外面集会，呼吁选民在今年4月16日的全民公投中对扩大总统职权投反对票。
　　据悉，此次公投将决定是否要改议会制为总统制，从宪法上赋予总统实权。
　　有分析指出，一旦民众支持总统制改革，往后土耳其总统下将设两名副总统，由总统直接任命政府部长，总理职位则被废除。
责任编辑：吴颜 
",201702280825
"
　　美国《华盛顿邮报》2月26日文章，原题：“沮丧的”美国前驻华大使警告说，不要被北京玩得团团转 美国前驻华大使博卡斯上周说，美国需要停止被中国摆布，并制定一个长期策略应对中国崛起。在离开北京5个星期后，博卡斯表达了对奥巴马政府的沮丧：在对华政策上缺乏战略眼光且软弱。
　　博卡斯表示，中国在扩大经济实力和全球影响力方面有长远眼光，相比之下美国常常被中东问题分散注意力。“华盛顿外交政策建制派往往将中国搁在一边，延后处理。”他说，“我们太随意了。我们似乎没有一个长期策略，这对我们非常不利。”
　　博卡斯说，担任驻华大使是他“曾经干过的最好的工作”。但是由于特朗普当选，他的任期突然终止。博卡斯表示，要让中美关系健康发展，华盛顿需要严肃思考。不过，华盛顿在他任内并未这么做。“这非常令人沮丧。”博卡斯说，“当白宫做出一个决定，我们就翻白眼，说‘这不会有用的，因为我们在后退和示弱’。”
　　甚至在离任前，博卡斯对特朗普与台湾地区领导人蔡英文通话以及公开质疑一个中国政策感到震惊。他说，这是特朗普的“重大失策，巨大错误”，最后被迫往回收。这是特朗普典型的做事方式，先打乱对手阵脚，“但他忘记了外交要复杂得多。一中是不能谈判的。他不了解中国，不了解台湾，高中都没毕业”。
　　博卡斯对特朗普政府的基本建议是，制定一个“缜密周详”的对华策略，既要跟中国接触，又不能“被玩得团团转”。他说：“对中国来讲，一中是不可谈判的，西藏问题是不可谈判的。那么美国就要问自己，我们的底线是什么？”（作者西蒙·德尼尔，向阳译）
责任编辑：吴颜 
",201702280746
"
　　原标题：美加州一载中国游客大巴遇车祸 一人死亡多人受伤
　　中国侨网2月28日电 据美国《世界日报》报道，位于美国南加州圣伯纳汀诺县Kramer附近的58号公路，27日中午发生一死多伤重大车祸，涉事的一辆中巴旅行车，为华人巴士公司所有，车上的游客也为中国大陆游客。
　　截至下午6时，车祸导致一人当场死亡，九人伤势危及生命，另有17人受伤，但无生命危险。
　　当时华人中巴车正在58号公路上西向行驶，不知为何突然越过中线，迎面和两辆轿车相撞。死者为其中一辆轿车的驾驶者，是一名55岁的女性。受伤者被送往附近的四家医院。发生车祸的中巴车身上写着“优胜旅行”的字样，但属于一家名为A&F的华人巴士公司。
　　圣伯纳汀诺消防局表示，三辆车先是相撞，后来全部翻滚了至少一圈，停留在路边。
　　来源：中国侨网
责任编辑：张迪 
",201702281337
"
　　原标题：美报告宣称假货、盗版等让美国每年损失6000亿美元 中国是“祸首”
　　[环球网综合报道]据美联社2月27日报道，一个由美国前驻华大使洪博培牵头的非官方组织当日公布调查报告称，仿冒商品、软件盗版及窃取商业机密等不法行为让美国每年付出高达6000亿美元的代价。该报告还宣称，中国是这些行为的“罪魁祸首”。
　　该民间组织名称为“偷窃美国知识产权委员会”，曾在2012年美国总统大选辩论中叫嚣要通过互联网“扳倒中国”的洪博培，就是该委员会的领头人之一。
　　这份报告称，上述各类不法行为让美国每年损失2250亿到6000亿美元之间，仅窃取商业机密就让美国一年损失1800亿到5400亿美元。据称，假冒商品每年让美国付出290亿到410亿美元的损失，盗版软件让美国每年损失180亿美元
　　美联社报道说，此前美国国家情报主任办公室曾说，2015年电脑黑客涉及的经济间谍事件让美国经济损失达4000亿美元。这一最新报告与该结果形成呼应。
　　“偷窃美国知识产权委员会”还将中国称为这类经济不法行为的“罪魁祸首”。报告称，在美国查获的仿冒商品中，中国（包括香港地区）就占了87%。该报告还妄称中国政府“鼓励窃取知识产权”。
　　该委员会的领头人为前美国驻华大使、前共和党总统竞选人、犹他州州长洪博培，以及前任美国国家情报总监丹尼斯•布莱尔。洪博培称：“有关美国创新的数量庞大的非法转让行为，是影响美国竞争力的重要经济问题之一，国家还没有完全解决这个问题，这将是、也必须是美国新政府的首要任务。”
　　实际上，美国国内指责中国“窃取美国知识产权”的声音也并不鲜见。中国国家知识产权局副局长甘绍宁在今年1月份接受媒体采访时，曾在回应有关问题时指出，中国改革开放30多年来，走过了发达国家几百年走过的道路，建立了完备的知识产权法律体系，与行政保护和司法保护优势互补的、具有中国特色的法律保护制度安排，得到了世界各国的承认。他指出，中国愿意与世界各国的同行之间加强知识产权的合作，共享发展的经验，同时，中国也反对不切实际的指责和滥用知识产权实行贸易保护主义。
责任编辑：吴颜 
",201702281255
"
　　

资料图


　　[环球网报道 记者 查希]2017年奥斯卡颁奖典礼最后一刻发生最佳电影颁错奖乌龙，让美国总统特朗普逮到反击的机会，他在接受媒体采访时称，“他们过度在意政治，所以到最后变成了各行其是。”
　　特朗普在白宫椭圆形办公室2月27日接受美国右翼媒体布莱巴特新闻网（Breitbart News）采访时说，奥斯卡主办单位“没把他们的眼睛放在要打的球上”。布莱巴特新闻网是美国极右翼新闻及评论网站。该网站于2007年由保守派评论员安德鲁•布莱巴特创立，后来在执行主席史蒂芬•班农的领导下，该网站转为与欧洲右派民粹主义及美国另类右翼对齐，现在班农是特朗普的首席顾问。
　　特朗普说：“我有点淡淡的哀伤，奥斯卡的魅力都没了。” 
　　他补充道：“我完全不觉得那是个充满魅力的夜晚，我去过奥斯卡颁奖典礼，是我记忆中非常特殊的经验，但现在这个样子让人真难过。”
　　台湾“中央社”称，不受好莱坞自由派欢迎的特朗普一如预期是本届奥斯卡的炮火中心，主持人吉米•坎摩尔（Jimmy Kimmel）一出场后就说：“数百万名美国人和全世界225个恨我们的国家，现在正在看现场直播。我想向特朗普总统说声感谢。还记得去年奥斯卡好像还挺种族歧视的吗？这已经是过去式了。”
　　虽然，特朗普并没有为此事发布新的推文，但他的儿子已经为他代劳：“有趣的错误，好莱坞好像并不关注那些幕后的小人物……”
责任编辑：吴颜 
",201702281055
"
　　[环球网报道 记者 李小飞]韩联社2月28日援引韩国法务部发布的统计数据报道称，截至1月底，在韩非法居留的外国人达21.13万人，占在韩居留外国人总数的10.5%。
　　报道说，2007年，在韩非法居留外国人数触顶达到22.34万人，2009年大幅减少至17.79万人，此后2014年重新反弹至20万人以上，2015年和2016年一直未低于20万人。
　　据统计，截至1月末，在韩居留外国人中，中国人最多，占比达50.8%。其后依次为越南人（7.4%）、美国人（6.8%）、泰国人（4.7%）和菲律宾人（2.7%）。
责任编辑：吴颜 
",201702281054
"
　　中新社巴黎2月27日电 （记者 龙剑武）代表法国目前执政的社会党参加总统大选的前教育部长贝努瓦·哈蒙27日警告说，如果一名竞选纲领“非左非右”、“温温吞吞”的候选人进入第二轮投票，法国将有可能“重蹈美国覆辙”。
　　目前，共有3名出自左翼阵营的候选人参加总统大选，他们分别是贝努瓦·哈蒙，代表极左派的法国左翼党共同主席之一、“不屈服的法兰西”组织领导人让-吕克·梅朗雄和脱离社会党参选的独立候选人、前经济部长艾曼努尔·马克龙。
　　根据民调结果，马克龙在第一轮投票中的支持率居于第二位，仅次于极右翼的国民阵线主席马丽娜·勒庞。
　　据媒体报道，首轮民意支持率居第四的哈蒙27日向新闻界表示，勒庞将进入大选第二轮。但是左翼不仅有办法进入第二轮，而且终将胜出。他还声称自己在左翼阵营中没有对手。
　　但哈蒙将“矛头”对准了马克龙说：“我坚信，如果明天进入大选第二轮的是一名温温吞吞的候选人，那么我们就会重蹈美国的覆辙。”有分析认为，哈蒙此言意在争取中左翼选民不要转投马克龙。
　　他还进一步解释说，美国的前车之鉴就是，人们原以为，凭借希拉里·克林顿模棱两可、非左非右的纲领就可以击败特朗普。以这样的纲领在美国不能击败特朗普，在法国同样也无法击败勒庞。
　　现年39岁的马克龙曾经在奥朗德政府中担任经济部长，后来成立了自己的政治运动“前进之中”。去年8月，他辞去部长职务，并且脱离社会党的党内初选以独立候选人身份投入选战。他宣称，自己的运动主张“既非右派也非左派”，而是要“团结法国人”。（完）
责任编辑：吴颜 
",201702281045
"




            视频加载中，请稍候...
        



                自动播放
            
 








play
特朗普：中国加入WTO后 美国少了6万个工厂



向前
向后






        /*自动播放1*/
		//var AUTOPLAY = 1;
		var AUTOPLAY = 0; //2015.11.25日通知改成0

        /*连播1*/
		var CONTIPLAY = 1;
        /*处理自动播放选项和cookie*/
        (function() {
            var Tool = CommonTool;
            var chk = Tool.byId('J_Video_Autoplay');
            var ua = navigator.userAgent.toLowerCase();
            var isIOS = /\((iPhone|iPad|iPod)/i.test(ua);
            if (isIOS) {
                console.log(chk.parentNode.style.display);
				//chk.parentNode.style.display = 'none'; //2015.11.25 隐藏自动播放选项
                return;
            }
			//chk.parentNode.style.display = ''; //2015.11.25 隐藏自动播放选项
            var clickCookie = function() {
                Tool.bindEvent(chk, 'change',
                function() {
                    var chked = chk.checked;
                    Tool.writeCookie('ArtiVAuto', (chked ? 1 : 0), 24 * 365 * 10, '/', '.sina.com.cn');
                });
            }
            var byCookie = function() {
                var coo = Tool.readCookie('ArtiVAuto');
                if (coo) {
                    if (parseInt(coo) == 0) {
                        chk.checked = false;
                        AUTOPLAY = 0;
                    }
                }
            };
            clickCookie();
            byCookie();
        })();

        /*获取第一个视频vid*/
        var firstItem = CommonTool.byClass('J_Play_Item', 'J_Play_List')[0];
        var fInfo = firstItem.getAttribute('play-data').split('-');
        var fVid = fInfo[0];
        var fPid = fInfo[1];

        var sinaBokePlayerConfig_o = {
            container: ""J_Article_Player"", //Div容器的id
            width: 525,
            height: 430,
            playerWidth: 525, //宽
            playerHeight: 430, //高
            autoLoad: 1, //自动加载
            autoPlay: AUTOPLAY, //自动播放
            as: 0, //广告
            pid: fPid,
            tjAD: 0, //显示擎天柱广告
            tj: 0, //片尾推荐
            continuePlayer: 1, //连续播放
            casualPlay: 1, //任意拖动视频
            head: 0, //播放片头动画
            logo: 0, //显示logo
            share: 0,
			thumbUrl: """"
        };
     
    


        (function() {
            var toggle = function(id, hide) {
                var e = CommonTool.byId(id);
                var par = e.parentNode;
                if (hide) {
                    CommonTool.addClass(par, e.className + '_disabled');
                } else {
                    CommonTool.removeClass(par, e.className + '_disabled');
                }
            }
            var scroll = new ScrollPic();
            scroll.scrollContId = ""J_Play_List""; //内容容器ID
            scroll.arrLeftId = ""J_Player_Prev""; //左箭头ID
            scroll.arrRightId = ""J_Player_Next""; //右箭头ID
            scroll.listEvent = ""onclick""; //切换事件
            scroll.frameWidth = 532; //显示框宽度 **显示框宽度必须是翻页宽度的倍数
            scroll.pageWidth = 133 * 3; //翻页宽度
            scroll.upright = false; //垂直滚动
            scroll.speed = 10; //移动速度(单位毫秒，越小越快)
            scroll.space = 15; //每次移动像素(单位px，越大越快)
            scroll.autoPlay = false; //自动播放
            scroll.autoPlayTime = 5; //自动播放间隔时间(秒)
            scroll.circularly = false;
            scroll._move = scroll.move;
            scroll.move = function(num, quick) {
                scroll._move(num, quick);
                toggle(scroll.arrRightId, scroll.eof);
                toggle(scroll.arrLeftId, scroll.bof);
            };
            scroll.initialize(); //初始化
            toggle(scroll.arrLeftId, scroll.bof);
        })();
    

	var autoPlayCheck = $(""#J_Video_Autoplay"")[0].checked;
		var autoPlayFlv = 0;
		var autoPlayH5 = false;
		if(autoPlayCheck){
			autoPlayFlv = 1;
			var autoPlayH5 = true;
		}
		
	var flashConfig = {
		url: """",	// flash播放器地址,
		container : ""J_Article_Player"",
		id: ""myMovie"",
		width: 525,
		height: 430,
			params : {
			 allowNetworking : ""all"",
			 allowScriptAccess : ""always"",
			 wmode : ""opaque"",
			 allowFullScreen : ""true"",
			 quality : ""high""
			},
			attributes: {},
			flashvars: {
				//autoPlay: autoPlayFlv,  //是否自动播放
				autoPlay: 0,  //11.25通知改成0
				loop: 0,		
				autoLoad: 1,
				thumbUrl: '',
				tj: 0,
				as: 0
			},
			h5attr: {
				//autoPlay: autoPlayH5,  //是否自动播放
				autoPlay: false,  //11.25通知改成false
				controls: true, //是否显示控制条
				loop: false,		
				poster: '', //视频加载前欲加载的图片地址，即播放器一开始显示的截图
				preload: 'auto'
			}
	  };
		
		
	
	
		var videoList = [
						{
				video_id: 251029997,
				pid:1,
				url: 'http://video.sina.com.cn/p/news/w/doc/2017-03-01/133765803965.html',
				title:'特朗普：中国加入WTO后 美国少了6万个工厂'//,
			//swfOutsideUrl:""http://you.video.sina.com.cn/api/sinawebApi/outplayrefer.php/video_id=251029997/s.swf""
			},
				
	
		]
	
	

		
	(function($){
	var Play = {
		init: function(flashConfig, videoList){
			this.flashConfig = flashConfig;
			this.videoList = videoList;
			this.playVideo = playVideo;
			this.prev = this.current = 0;
			this.length = this.videoList.length;
			this.contNode = $(""#J_Video_Autoplay"");
			this.titleNode = $(""#J_Video_Source"");
			this.playListNode = $(""#J_Play_List .J_Play_Item"");
			if(videoList.length!==1){
				//显示小图
				CommonTool.byId('J_Play_List_Wrap').style.display='';
			}
			if(videoList.length<5){
				CommonTool.byId('J_Player_Prev').style.display='none';
				CommonTool.byId('J_Player_Next').style.display='none';
			}
			
			this.initPlayer();
			this.bind();
		},
		bind: function(){
			var _this = this;
			$(""#J_Play_List"").on(""click"", "".J_Play_Item a"", function(e){
				e.preventDefault();
				_this.playCurrent($(this));
			});
		},
		initPlayer: function(){
			var _this = this;
			this.player = this.playVideo(this.flashConfig);
			this.player.init(this.videoList[this.prev]);
			this.player.on(""playCompleted"", function(){
				_this.playNext();
			});
			this.playListNode.eq(0).addClass(""selected"");
			this.titleNode.html(this.videoList[0].title);
		},
		playCurrent: function($this){
			this.prev = this.current;
			this.current = $this.parents("".J_Play_Item"").index();
			this.play(this.prev, this.current);
		},
		playNext: function(){
			if(!this.contNode[0].checked){
				return;
			}
			this.prev = this.current;
			if(this.current >= this.length - 1){
				return;
			}
			this.current++;
			this.play(this.prev, this.current);
		},
		play: function(prev, current){
			this.player.playVideo(this.videoList[current]);
			this.titleNode.html(this.videoList[current].title);
			this.playListNode.eq(prev).removeClass(""selected"");
			this.playListNode.eq(current).addClass(""selected"");
		}
	}
	Play.init(flashConfig, videoList);
})(jQuery);




　　原标题：特朗普首场国会演讲：中国加入WTO后，美国少了6万个工厂
　　[观察者网 综合]美国总统特朗普上任以来，虽然忙着签署各项命令，但内外受挫，内阁还没全部到位，自己的支持率也创有史以来最低记录。不过，特朗普依然放出豪言……
　　美东时间晚间9时（北京时间3月1日上午10时），美国总统特朗普首度赴国会发表演说，试图挽回低迷的民意支持度，通过改变经济扶助“遭遗弃的美国人”。演讲一开始就明确他对保护民权所作的承诺，强调，只有美国人民优先，美国才能再次伟大。特朗普还谴责最近威胁美国各地犹太中心的浪潮。
特朗普演讲获得阵阵掌声
右边出了三个“叛徒”……
　　观察者网注意到，特朗普在演讲中只有一次提到中国，不过观点和以往也相差无几。他批评对美国不利的贸易协定，称自从北美自由贸易协定（NAFTA）通过后，失去了四分之的制造业工作机会，中国加入世贸组织（WTO）之后，美国丢掉了6万个工厂。
　　改革税制
　　据美国媒体报道，尽管面对国内外强烈的反对声浪，但他仍旧承诺，将采取更强硬的移民措施，并进行“历史性税改”。同时，特朗普承诺，将重点放在美利坚精神的复兴。
　　特朗普说：“借由最终执行我们的移民法，我们将可提高薪资、帮助失业者、省下数10亿美元，并让我们的社会变得更安全。”
演讲现场
　　“我们的经济团队正在草拟历史性税务改革措施，将调降公司税率，让企业得以竞争与蓬勃发展。同时，我们将向中产阶级提供大量的税收减免。”
　　取代奥巴马医保
　　虽然特朗普在竞选前多次批评奥巴马的医疗计划，但未提及具体的替代计划。他在这次演说中阐述了新的计划方针：
　　第一是先确保人们能继续享有现有的医疗保障；第二是协助人们购买自己的保障，不是强制而是度身订造；第三是对州政府提高援助；第四是立法保障人们不会购买过份昂贵的保险，如调低不合理的药物价格；最后是让各州不同地方订立自己的医疗保险制度，让人们自由选择。
民主党籍女议员小组穿着白色服装，展现“白色力量”、诉求捍卫女权，抗议特朗普
　　反恐
　　特朗普称会履行承诺，与伊斯兰国家合作，以击败极端组织“伊斯兰国”（IS）。“我们将与我们的盟国合作，包括我们在伊斯兰世界的友人与同盟，从地球上消灭这可恶的敌人”。
　　特朗普要击败“圣战团体”，并将其形容为“屠杀穆斯林、基督徒，和各宗教信仰的男男女女及儿童的无法无天野蛮网络”。
他再次提到边境围墙，称美国很快就会开始建造美墨边境的围墙。
　　增加军费和削减对外援助
　　特朗普表示过去美国已花了6万亿美元在中东，而这是一个“可以重建美国最少两次”的数字。
　　“推出以法律为依据的移民系统”
　　对于饱受争议的移民政策，特朗普称将推出一项全新、以法律为依据的移民系统，用以管理新入境美国的人士、减少非技术工人流量。
　　他说，澳大利亚形式的移民系统将“节省大笔金钱、提高工人薪资、帮助苦于挣扎的家庭，包括移民家庭，进入中产阶级”。
责任编辑：刘光博 
",201703011327
"
尼加拉瓜首都的玩具市场（资料图）
　　国际在线专稿：据韩国纽西斯通讯社3月1日报道，当地时间2月28日，尼加拉瓜一名25岁女子在驱鬼的仪式上被扔进火堆烧死。
　　据悉，当天该女子被脱得一丝不挂后扔进了火堆，最终因全身80%以上被重度烧伤而身亡。据该女子的丈夫透露，上周该女子被人用刀威胁说有鬼上身，因此被人抓到了教会举行驱鬼的仪式。丈夫对妻子的死亡感到非常愤怒，说自己无法原谅那些行凶的人。
　　当地警方已经逮捕了举办仪式的5名牧师。据牧师称，他们并没有过错，是该女子为了驱鬼自己跳入火堆的。
责任编辑：向昌明 SN123
",201703011221
"
　　新华社日内瓦2月28日电 （记者张淼）世界气象组织28日公布了多项南极地区的气温极值，南极地区和南极大陆分别报告过19.8摄氏度和17.5摄氏度的高温。
　　气象组织指出，南极地区最高气温出现在西格尼岛上的西格尼研究站，1982年1月30日观测到19.8摄氏度的最高值；在南极大陆及相邻岛屿，位于南极半岛北端的阿根廷埃斯佩兰萨基地于2015年3月24日记录到17.5摄氏度的最高气温；在南极高原，阿黛利海岸内陆区域的一处自动气象站1980年12月28日记录到零下7摄氏度的最高气温。
　　气象组织表示，三处观测站观测到的最高值都出现在热空气涌入时，西格尼岛与埃斯佩兰萨基地最高气温由热风导致，而高海拔的太阳光照射是南极高原出现最高温的主要原因。
　　此外，地面实测记录到的南极地区最低气温为零下89.2摄氏度，由最靠近南极点的考察站东方站于1983年7月21日观测到。这也是已经记录到的全球最低气温。
　　气象组织指出，确定南极的气温极值有助于理解南极差异化的气候体系，尤其是对比南极海洋与高原环境。
责任编辑：向昌明 SN123
",201703011213
"
　　原标题：韩国“亲信门”特检组起诉30人 朴槿惠命运待定
　　2月28日，韩国首尔，韩国“亲信干政”事件特别检察官发言人发言。特检组宣布将以行贿罪起诉三星副会长李在镕。
　　中新网3月1日电 综合报道，2月28日，随着70天调查期满，韩国总统“亲信干政”特别检察组的工作告一段落。在两个多月的调查中，特检组四面出击，先后申请逮捕并起诉崔顺实、李在镕等“亲信门”事件关键人物。不过，由于青瓦台方面未予配合，加之调查期限等原因，特检组所主张的进入总统府搜查，并对朴槿惠进行当面调查未能成行。接下来，特检组会在3月6日公布最终调查结果。
　　[起诉30名嫌疑人： 三星高层、崔顺实、整容医生等]
2月22日，韩国三星电子副会长李在镕（中）被押往位于首尔的特检组办公室接受问讯。
　　特别检察组对“亲信门”事件的调查始于2016年12月21日，历时70天。此前，特检曾提请延长调查时间，但这一请求遭到代行总统职权的韩国总理黄教安拒绝。按照规定，若申请获批，特检组可将调查时间延长30天。
　　当地时间2017年2月28日下午，于当天正式结束调查的特检组举行新闻发布会，就调查情况进行大致的介绍。特检组宣布，在调查的最后一天起诉17名嫌疑人，加上此前起诉的13人，特检组共起诉30名嫌疑人。
　　在这些嫌疑人中，最为引发关注的是“亲信门”核心人物崔顺实，以及三星集团掌门人李在镕。李在镕被指向身为总统闺蜜的崔顺实行贿430亿韩元，以换取政府为三星集团行“方便”。崔顺实则因涉嫌收受贿赂和帮其女儿“走后门”上大学等被起诉。
　　除上述二人，遭特检组起诉的人员还包括有三星集团的多名高层、多名前青瓦台要员，以及涉嫌在“世越”号船难当天为朴槿惠实施整容注射的医生等人。
　　[调查未完待续：以嫌疑人身份将朴槿惠移交检方调查]
2月3日，媒体记者在韩国总统府青瓦台外等待特别检察组。特检组当天未能进入青瓦台搜查。
　　特检组在2月28日发布会上总结称，此次“亲信门”调查完成了70%的调查目标，对调查结果的评价将交给韩国民众判断，相关未完待续的工作将移交检察院，这其中就包括对总统朴槿惠的调查和起诉。
　　韩国现任总统以犯罪嫌疑人身份接受司法调查尚属首次。特检组一直将当面调查总统视为“亲信门”调查最核心的部分，原计划在上个月9日与朴槿惠“面对面”，但这一计划遭到青瓦台方面拒绝，最终未能实现。
　　未能进入总统府进行搜查，也是特检组此次调查的一大“遗憾”。上个月，特检组调查人员曾试图进入青瓦台进行现场调查，但遭到拒绝，后来虽然提请法院勒令青瓦台“开门”，但这一申请最终被法院驳回。
　　此外，去年年底，特检组对崔顺实身在海外的女儿郑尤拉签发逮捕令，之后通过韩国警方要求国际刑警组织对其发布红色通缉令。郑尤拉在丹麦被捕后，韩国检方提出引渡申请，后者目前正维持对郑尤拉拘押，以考虑是否接韩方请求。
　　韩国总理黄教安此前就特检组调查期满一事表示，相关法律规定，特检组没有完成调查或是没有决定是否提起公诉时，案件将移交给管辖地方检察厅，检方将在特检组调查基础上继续调查。
　　黄教安还表示，今后如果检方的调查不充分，需要另建其他调查体系时，可根据朝野协商另外成立独立检察组开展调查。（完）
责任编辑：李伟山 
",201703010013
"
　　中新网3月2日电 据外媒报道，近日，科学家发现了他们所说的可能是地球上生活过最早有机物的化石。这些在加拿大岩石上发现的微小的条状，圆块和管状物体的年代可以上溯到42.8亿年前。
　　据报道，这段时间是地球形成以后很久，但是比此前一直认为地球上出现最古老生命的证据还要早数十亿年。研究人员已经在自然杂志上发表了他们的调查报告。
资料图：生命科学
　　据悉，英国大学学院的马休·多德研究了这些化石，他认为这个发现有助于理解生命起源。他说，“这个发现回答了人类一直提出的最大的问题，那就是：我们从哪里来以及我们为什么存在？”
　　而在目前得到承认的地球最古老的生命证据是在澳大利亚西部发现的34.8亿年前的岩石。马休·多德说，这些有机物来自一个遥远的时间，据认为那时候火星表明有液态水，火星还有和地球相似的大气层。
　　“如果我们在那个时候的地球上发现有生命诞生并且进化，那么火星上有生命开始的可能性也有。”
　　如果是那样的话，大学学院的帕皮尼奥博士说最近美国宇航局在地球表面的探测器可能是在错误的地方寻找生命迹象。
　　报道还称，地球诞生以后“仅仅”几亿年后就出现生命的说法很有意义，因为目前科学家们在辩论地球生命出现是罕见事件还是在条件合适的情况下生物出现是普遍现象。
Save
Save
责任编辑：吴颜 
",201703020807
"
　　[环球网综合报道] 20世纪末，一声可怕的轰隆声，为西伯利亚地区带来了前所未有的震惊——被当地人称作巴塔盖卡（Batagaika）的巨坑。该巨坑震动了整个西伯利亚泰加林，当地居民将其称之为“地狱之门”，认为可以通往另外一个世界。据英国《每日邮报》2月28日报道，而最新研究发现，这个大坑的面积还在不断扩大中。科学家表示，这种变化很可能是由于气候变暖所造成的，而大坑面积扩大会释放更多的温室气体，进一步加剧气候变暖，形成恶性循环。



　　该大坑大约有1英里（约1600米）长，300英尺深（约91米）。随着永久冻土层不断融化，该坑正以每年10至30米的速度扩大。当地人对这个区域唯恐避之不及，并冠以“地狱之门”之名。



　　通过观察在这一过程中暴露出来的古代地层，科学家创建了一幅该地曾经的地貌景象，帮助他们预测未来的变化。在一项发表于《第四纪研究》（Quaternary Research）杂志的研究报告中，研究人员分析了巴塔盖卡坑永冻层沉积物的序列，揭示了多年来各种不同的环境条件。在土层中，他们发现了木材的遗骸，表明这里曾存在两个森林地床。而且，地床下有大量的花粉。研究人员说，这表明该地区曾经是一个开放的苔原之地。他们目前已为该地区设定了一个暂定的年表，进一步分析很有必要，能够确定具体日期。



　　该地是世界上最古老的地区之一。近期的一次探险显示，该地一处冻结在永久冻土层中的土壤大约有20万年历史。随着工作的深入，研究人员将继续研究永冻层和沉积层，以了解古时地貌的变化及其对未来的影响。
责任编辑：吴颜 
",201703020735
"
　　中新社休斯敦3月1日电 美国前总统奥巴马和前第一夫人米歇尔夫妇本周与企鹅兰登书屋签订了出书协议。后者为获得两人回忆录的发行权，将支付创纪录的6500万美元，这将是有史以来最赚钱的白宫回忆录。
　　此前多家出版商参与了奥巴马夫妇两本回忆录全球发行权竞标，竞标金额一路攀升。据美国全国广播公司1日报道，尽管没有正式披露财务条款，但已经发布的报告将企鹅兰登书屋为这两本书支付的金额锁定在3000万至6500万美元。《金融时报》援引竞标会参与者的话说，出版商将为出版权花费超过6500万美元。
　　美国总统卸任后多出书或到各处演讲。此前，比尔·克林顿的回忆录《我的人生》，得到出版商1500万美元资金，创下此前最赚钱白宫回忆录的纪录；小布什的《决策点》为1000万美元。
　　“我们非常高兴能够延续与奥巴马夫妇的出版合作关系，”企鹅兰登书屋首席执行官马库斯·杜尔（Markus Dohle）发表声明说，“他们用语言和领导力改变了世界，企鹅兰登书屋也用我们发表的图书努力做同样的事情。”他强调，这两本书的发行，将是“具有前所未有眼界和意义的全球出版活动”。
　　目前，发行方还没有公布奥巴马夫妇回忆录的名称、出版时间、他们可能的头衔，以及两人将得到多少稿酬。
　　美联社指出，奥巴马的书预计将包含他在白宫8年风风雨雨的幕后故事。米歇尔的新书将侧重讲述自己的人生故事鼓舞年轻人。
　　奥巴马夫妇计划将可观稿酬捐赠给慈善机构，包括奥巴马基金会，两人也正着手在芝加哥南侧建立奥巴马总统中心。企鹅兰登书屋还将以奥巴马家族的名义向非营利组织捐赠100万册书籍，用于贫困儿童的教育。
　　奥巴马在当选总统之前，已经是位颇受赞誉的作家。其著作《我父亲的梦想》和《无畏的希望》都是畅销书，为他入主白宫发挥了重要作用，也帮他赚取了数百万美元。米歇尔曾于2012年出版过关于食物和园艺的书籍。
　　美联社称，总统回忆录通常对文学经典贡献不大，但许多人认为奥巴马将改变这一传统。克林顿和小布什回忆录的购买者均超百万，前第一夫人希拉里的自传《亲历历史》也一直是稳定的畅销书。（完）
责任编辑：吴颜 
",201703020801
"
　　[环球网报道 记者 查希] 据台湾“今日新闻网”3月1日报道，三星电子副会长因涉嫌贿赂朴槿惠正式被韩国特检组起诉，同时被起诉的还有四位三星的高层主管。三星的未来战略室也因此解散，报道称，这是自Galaxy Note7手机自燃以来，最重大的事件。
　　检察官指控李在镕涉嫌以430亿韩元贿赂总统朴槿惠、崔顺实等，企图谋求政治利益，并支持旗下子公司的合并案。对此三星集团则声明，称李在镕是这次闺密门丑闻的受害者，是朴强迫捐款。同时，朴槿惠也反驳称，三星是公益捐款，并非贿赂。
　　据韩联社报道，李在镕遭起诉后，三星正式宣布解散集团的核心管理组织“未来战略室”，让三星旗下子公司转为独立经营，“三星集团”称呼也正式走进历史。
　　韩国特检组发言人李圭喆（Lee Kyu-chul，音译）表示，将以贿赂、盗用公款、伪证和隐匿海外资产等罪名起诉李在镕。另外四名被起诉的高层主管分别为：三星电子社长朴商镇（Park Sang-Jin）、执行副总裁黄晟洙（Hwang Sung-soo） 、企业战略规画部负责人崔志成（Choi Gee-Sung）及战略室社长张忠基（Chang Choong-ki）。
　　三星集团执行副总裁李久恩（Lee June）表示：“我们为近来引发的社会争议和忧虑深深感到抱歉。”
责任编辑：吴颜 
",201703020747
"
　　原标题：安全问题频发 普京下令莫斯科两年内拆除所有“赫鲁晓夫楼”
　　[观察者网编译]大家对这样的单元楼不陌生吧？


　　这样的单元楼在中国很多地方，尤其是老工业基地随处可见。这种用预制板修建的单元楼最初源自苏联，因为在赫鲁晓夫时期大量修建，这种楼在苏联被称为“赫鲁晓夫楼”。对很多苏联加盟共和国的老百姓来说，“赫鲁晓夫楼”承载着他们的共产主义记忆和建设国家的热血青春。
苏联工业需要大量人力，“赫鲁晓夫楼”式的集中式居民区在当时成为了解决工人居住问题的最好方案
 在莫斯科，一幢“赫鲁晓夫楼”后面就是拔地而起的摩天大楼
　　莫斯科将在两年内拆除所有“赫鲁晓夫楼”
　　不过，据克里姆林宫官方网站的消息，2月21日，俄罗斯总统普京要求莫斯科市长谢尔盖·苏比雅宁在两年内拆除莫斯科的所有“赫鲁晓夫楼”，原因是这些通常有五个单元的老楼虽然设计寿命为25年到50年，但已经难以满足目前的建筑安全标准。
 2月21日普京与莫斯科市长谢尔盖·苏比雅宁会谈
 一群乌鸦飞过摩尔多瓦的一幢“赫鲁晓夫楼”，虽然这幢楼早已超期服役，但依然是不少当地居民的住所
　　苏比亚宁告诉普京，莫斯科已经重新安置了16万户原来住在“赫鲁晓夫楼”里的居民，现在还有大约160万莫斯科居民居住在“赫鲁晓夫楼”里。
　　天然气管道泄漏是最近几年“赫鲁晓夫楼”出现意外的主要原因，图为2014年俄罗斯城市梅日杜列琴斯克的一幢“赫鲁晓夫楼”因天然气管道泄漏而爆炸

　　因为没有电梯，俄罗斯沃罗涅日市的一位残疾市民比比科夫和他的女友设计出了一套可以从位于五层的家出入的升降梯
　　“赫鲁晓夫楼”：苏联时期的民居代表
　　据俄罗斯《真理报》2月21日报道，“赫鲁晓夫楼”最早出现在1948年。上世纪五六十年代，是“赫鲁晓夫楼”大量兴建的最高潮时期。这些建筑没有参考西方公寓的多样化选择，更没有按价格与收入分区，所有人统一按照户口分配，而为了以最低廉的造价和最快的时间完工。
　　“赫鲁晓夫楼”是一种造价低廉、盒子式或砌体结构三至五层公寓的公寓楼。在苏联时期，遍布苏联各加盟共和国。
 图中是位于现在塔吉克斯坦努列克的“赫鲁晓夫楼”
 1970年代苏联白俄罗斯连片的“赫鲁晓夫楼”
　　这个时期建造的“赫鲁晓夫楼”采用水泥预制板结构，由于层数都在6层以内故而不设置昂贵的电梯，较大的大家庭单位入口更被改成各户共用的走廊填满，例如西方常见的室内私家楼梯被替代成公共空间，也没有在楼梯间增加设置垃圾通道，严格控制厨房、卫生间、门厅和过道的面积。
匈牙利一处生产“赫鲁晓夫楼”预制板的工厂
　　“赫鲁晓夫楼”外部取消了斯大林时期盛行的拱门和柱廊等装饰，各建筑排成一排紧密配置特定的小区中，不过相对室内的狭窄，室外给予相当大的社区活动空间。“赫鲁晓夫楼”的厨房和厕所都很小，赫鲁晓夫曾说过“我能进去其他人就可以”。
“赫鲁晓夫楼”内狭窄的厨房
　　例如一个标准的K-7型套房，一个房间30平方米、两个房间44平方米、三个房间60平方米。早期的单元房间设计分开的，起居室和卧室入口被分配在一条走道，后来改成大厅式的，要先穿过公用空间才能进入卧室或厨房、储藏室等。
 1959年，赫鲁晓夫和美国副总统尼克松在莫斯科举行的美国国家展览会开幕式上参观美国家庭厨房样板间，并在这里进行了著名的“厨房辩论”
　　与斯大林时期彰显民族风格的建筑相比，装饰更加简洁的赫鲁晓夫楼虽说外形简陋，但其生活设施齐全，建筑使用功能完备。在上世纪六十年代的苏联以及东欧社会主义国家中赫鲁晓夫楼在较短时间内改善了广大苏联群众最迫切的住房问题。
　　从“赫鲁晓夫楼”到“勃列日涅夫大楼”再到苏联解体
 1966年，苏联妇女走在新盖好的“赫鲁晓夫楼”前
　　在勃列日涅夫1964年上台之后，他曾承诺说在每个苏联家庭都会有一套这样的房子：每个人都有一个单独的房间，此外一家还会有一个共用的客厅。但是，这些承诺直到苏联解体都没有实现。不过，在勃列日涅夫时期，更高更大的居民楼在苏联各地修建起来，这些楼被苏联人民成为“勃列日涅夫大楼”。
位于莫斯科的“勃列日涅夫大楼”，大楼内结构和“赫鲁晓夫楼”类似，非常拥挤狭小　　
 位于乌克兰基辅的“勃列日涅夫大楼”，现在仍然是普通民居
 苏联解体后，工人的骄傲崩塌了，但遍布各地的“赫鲁晓夫楼”还在
 乌克兰基辅的一处“赫鲁晓夫楼”外墙上的涂鸦
 2006年，莫斯科拆除一幢“赫鲁晓夫楼”
　　伴随着苏联的解体，“赫鲁晓夫楼”也不再是苏联各加盟共和国人民向往的向共产主义过渡的居住地。
责任编辑：张迪 
",201703020749
"
　　[环球网综合报道]3月1日是韩国抗日独立运动纪念日“三一节”。在这个纪念先烈抗争殖民统治、彰显爱国团结的节日，韩国釜山千余名民众举行了“守护少女像的1000把椅子”集会，民众像少女像一样脱掉袜子，沉默示威1分钟。韩联社1日报道称，他们此举是为在慰安妇祈祷，以及守护受到威胁的少女像。
　　釜山市民运动当天以“守卫少女像的一千把椅子”为主题，举行“三一节”和平大会。集会上，千余名学生和市民一起手持象征着慰安妇的紫色标语牌，牌上写着“守护少女像”、“韩日协议全面无效”等。他们举行这次活动是因日本政府要求移走少女像，韩国外交部也以非公开的方式向地方政府发布公文。
　　市民们表示，外长尹炳世不考虑民心，只看日本脸色。活动现场还有要求尹炳世下台的签名运动。釜山女性团体联盟代表张善花称，作为加害方的日本说着大话，而韩国却毫不抗议，这正是错签慰安妇协议所致。市民将靠自己的力量守护少女像，促进慰安妇协议无效。
　　集会结束后，参加者们绕日本领事馆游行，要求日本政府就慰安妇问题道歉。当地警方为预防突发事故，在领事馆周围配备了300余名警力。
责任编辑：吴颜 
",201703020858
"
　　[环球网报道 记者 马丽] 美国总统特朗普在国会的首次施政方针演说中，未就对日贸易逆差和日元对美元贬值点名批评日本。日本政府内认为“（演说）内容缺乏新意、符合预期”，纷纷暂感安心。日本政府将加快准备或于4月启动的美日“高层经济对话”，但对贸易政策、汇率问题等可能产生对立的领域仍充满担忧。
　　据共同社报道，特朗普在演说中一方面批评中国称“中国加入世界贸易组织（WTO）以来美国丢掉了6万个工厂”，另一方面肯定计划对美投资和创造美国就业岗位的日本软银集团。日媒称，可见日本首相安倍晋三卖力宣传的“日本企业的贡献”在一定程度上得到了特朗普的理解，外交消息人士满意地称“将继续对美做工作”。
　　日方对特朗普投入1万亿美元的政府及民间资金开展基础设施建设计划也颇感期待，一名政府高官称“这是日企参与之机”。
　　然而，前景并不容乐观。特朗普再次表明了退出跨太平洋伙伴关系协定（TPP）的决定。可以预见，在由日本副首相兼财务相麻生太郎和美国副总统彭斯主导的“高层经济对话”中，美国可能会寻求与日本签署对美更有利的自由贸易协定（FTA）。
　　关于汇率问题，正在协调麻生和美财政部长努钦借出席本月17、18两日于德国召开的二十国集团（G20）财长和央行行长会议之机举行会谈一事。若努钦有意制衡日元对美元贬值，那么美日双方的对立将骤然显现。此外，特朗普在施政方针演说中再度提及的“历史性的税收改革”若具体落实，也可能对日本的出口企业经营造成巨大打击。
责任编辑：吴颜 
",201703020849
"
　　[环球网综合报道] 据韩联社3月2日报道，民调机构Realmeter2日发布的下届大选民调结果显示，韩国最大在野党共同民主党前党首文在寅连续9周领跑榜单。韩国代总统黄教安因未批准亲信干政案件独检组延长调查期限而获保守派人心，支持率反弹，共同民主党籍忠清南道知事安熙正则因不当言论争议持续发酵，支持率连续两周下滑。
　　Realmeter于2月27-28日对韩国1800名成年人进行民调的结果显示，文在寅支持率较前一周上升1.7个百分点，为35.2%。黄教安的支持率较前一周上升3.7个百分点，为14.6%。安熙正支持率较前一周下滑4.4个百分点，为14.5%。黄教安和安熙正分列第二和第三，为争二甲角逐激烈。另外，在野党国民之党前党首安哲秀支持率为10.9%、共同民主党籍城南市长李在明支持率为9%。
　　据Realmeter分析，文在寅近期批判了黄教安拒绝延长特检组调查时间，并参加电视节目等，这使其获得大量关注。文在寅在京畿道、仁川、大邱和庆尚北道等地的支持率大幅上升。（实习编译：斯巧玲 审稿：李小飞）
责任编辑：吴颜 
",201703021052
"

　　中国地震台网正式测定：03月02日10时11分在美国阿拉斯加州南部（北纬59.62度，西经152.71度）发生5.5级地震，震源深度60千米。
责任编辑：吴颜 
",201703021050
"
　　中新网3月2日电 据美国地质勘探局网站消息，北京时间03月02日10时11分，在美国阿拉斯加州南部附近海域（北纬60.10度，西经152.91度）发生里氏5.6级地震，震源深度56.3公里。
责任编辑：吴颜 
",201703021029
"
　　中新网3月2日电 据外媒报道，法国司法消息人士称，当地时间3月1日，法国当局逮捕了阴谋发动袭击的一家四口。
　　据报道，这4人在巴黎东部郊区克利希苏布瓦（Clichy-sous-Bois）被捕。
　　今年1月，法国警方在该地区的一栋建筑内发现制造炸弹的材料，包括丙酮和硫酸。警方通过这些材料上的DNA痕迹找到了4名嫌犯。
　　据悉，法国自2015年1月发生多起“伊斯兰国”武装分子袭击事件后，就一直处在高戒备状态。
责任编辑：吴颜 
",201703021019
"
　　中新网3月2日电 据外媒报道，尼尔森评级公司数据显示，美国总统特朗普的国会演讲，在观众人数上比奥斯卡颁奖典礼多出1000万。
　　当地时间2月28日晚特朗普国会演讲每转播时刻平均有4300万观众，而2月26日奥斯卡典礼有3290万人观看。
　　特朗普对今年奥斯卡颁奖典礼持负面评价，而在典礼上他再次被舞台上的演员们所批评。其在社交网站上未直接予以回应批评，这对于他来说不同寻常。
　　但他在电视采访中认为，最有威信的“最佳影片”获胜者错误宣布导致的颁奖典礼结束时的混乱是由于奥斯卡过度政治化。
　　特朗普国会演讲相比其许多其他演讲更被公众舆论和媒体所普遍肯定。特朗普在其演讲中承诺为美国“寻找新的朋友”，要求盟国付出更多，改革医保和移民政策，振兴经济并向基础设施建设投入1万亿美元。
责任编辑：吴颜 
",201703021000
"
　　原标题：关于韩国部署“萨德” 你不知道的三个真相
　　韩国国防部7日消息，韩美开始在韩部署“萨德”反导系统，发射架等部分装备已抵达韩国。
　　据悉，“萨德”系统相关装备将在1至2个月内全部抵达韩国。
　　在朴槿惠弹劾案面临宣布、韩国下届总统大选或提前举行、在野党上台后“萨德”政策可能生变的背景下，美韩部署“萨德”进程突然加速。

　　亲美的韩国保守右派为加速部署“萨德”暴走，让韩国人自己都痛心悲叹“疯狂”。
　　透过乱象，让我们来看看关于“萨德”部署的三个真相。
　　韩国政府为何突然加速部署“萨德”？
　　“亲信干政”导致韩总统朴槿惠遭国会弹劾，执政的保守政党危机重重，韩内政不稳定因素陡增。

　　目前支持率高的潜在总统参选人均属韩国最大在野党、共同民主党，如文在寅、安熙正、李在明。
　　在野党上台实现政权交替的可能性很大，而这一派别主张对“萨德”问题再探讨，意味着“萨德”政策或许有所变化。

　　下届大选局面不利的大势之下，韩国保守势力企图利用“萨德”政策、朝鲜威胁等安保问题做文章，宣扬韩国“安保第一”，从而扭转弹劾案的颓势。
　　与此同时，美国眼看韩国“政权交替”的大势难逆，故而在新政府上台前加速部署“萨德”，也是为了“生米煮成生熟饭”，造成不可逆的局面。
　　韩国民众支持部署“萨德”吗？
　　“萨德”全称为“末段高空区域防御系统”。
　　美韩去年7月宣布，将在韩国部署“萨德”，理由是防范朝鲜可能发动的导弹攻击。
　　“萨德”在美国尚未获得过准确的技术有效性验证，所谓的“百分百”拦截率不过是在理想参数的实验条件下，并非实战。

　　但韩国国防部声称“萨德”性能强大，能够保护大韩民国国土面积的一半以上。
　　支持部署“萨德”的韩国人，其实并不清楚“萨德”到底是个什么鬼，只是盲目听从政府和媒体声音，俨然一种支持“萨德”就是爱国，反“萨德”就是亲朝的紧张心态。
　　真正了解“萨德”局限性的韩国人，深知萨德对于韩国防备朝鲜没有作用，因此反对“萨德”入韩，认为国防部在“卖国亡国”。

　　韩国延世大学名誉教授文正仁指出，部署“萨德”并不能使朝鲜不使用核武器，让朝鲜弃核需要使用“预防外交”，而中国在“预防外交”中比美国更重要。
　　韩国军事问题专家郑旭植指出，韩国是“萨德”的最大受害者，“对韩国自身百害无一利，决定之愚蠢让人哭笑不得”。
　　谁是“萨德”受益方？
　　首先是美国军火商。
　　韩国大规模采购的美制武器和装备正集中分配给美国军火商洛克希德•马丁公司。
　　郑旭植表示，一旦“萨德”第一炮台完成部署，在追加部署过程中将增强爱国者部署，同时还会引入宙斯盾导弹防御系统。
　　值得注意的是，洛克希德·马丁公司与“亲信干政”核心崔顺实背后有密切联系。
　　“仅凭总统的意志就决定了萨德部署，人们自然要合理质疑，究竟是谁可以影响朴槿惠的决定？”郑旭植说。
　　虽然目前尚无确凿证据证实崔顺实介入“萨德”部署决定，但真相有待查明。
　　其次是日本。
　　“萨德”将有助于日本防御。萨德炮台中的X波段雷达可以与日本现有的宙斯盾驱逐舰和爱国者导弹相连接，且韩日已于去年“突袭”式签署《军事情报保护协定》。
　　最后，朝鲜将成为韩国部署“萨德”的最大受益者。
　　中美韩因“萨德”产生矛盾和分化，国际社会原本联合对朝制裁被削弱。
　　若中韩关系跌入冰点，“新冷战”局面被进一步扩大，只会助长朝鲜发展核武器和导弹的意志和行动。
责任编辑：李伟山 
",201703072042
"
　　原标题：俄议员说美国在韩部署“萨德”违反新的削减战略武器条约
　　新华社莫斯科3月7日电（记者安晓萌）俄罗斯联邦委员会（议会上院）国防和安全委员会主席奥泽罗夫7日说，美国在韩国部署“萨德”反导系统违反了美国和俄罗斯签署的新的削减战略武器条约。
　　奥泽罗夫说，美国在韩国部署“萨德”是俄罗斯面临的又一挑战，美方的举动违反新的削减战略武器条约有关战略武器保持“必要平衡”的条款。
　　他强调，俄方无意退出条约，但将依据美国在韩部署“萨德”构成威胁的严重程度分析当前形势。
　　奥泽罗夫同时提到，针对朝鲜试射导弹，俄罗斯不打算以加强其在远东地区的导弹部署进行回应，原因是俄罗斯现有部署已足够保障其远东边境地区的安全。
　　韩联社早些时候报道，美国已着手在韩国部署“萨德”，部分系统组件6日晚运抵韩国首都首尔以南约70公里处的美军驻韩国乌山空军基地，其中包括两台发射架。
　　美国和俄罗斯2010年签署新的《削减和限制进攻性战略武器条约》，取代旧版条约，为美俄两国战略核武器确定新的上限。条约次年2月生效，有效期10年。
责任编辑：李伟山 
",201703071834
"
　　原标题：俄驻华大使：美国无法阻止中方进入中国南海岛礁

　　[环球网报道 记者 郭鹏飞] 俄罗斯驻华大使杰尼索夫3月6日在接受《生意人报》采访时表示，美国国务卿蒂勒森关于阻止中国进入其南海岛礁的构想不可能付诸实施，且将来也不会得到落实。同时，他否认在南海问题上，俄罗斯进入中国的轨道。
　　去年九月份，中俄两国在南海进行了联合军演。与此同时，俄总统普京和外长拉夫罗夫在南海问题上的表态让西方观察家认为，莫斯科正在进入中国的轨道。对此，杰尼索夫称：“在我看来，这是不正确的。俄罗斯不会做对自己不利的任何事情。我们有足够的底气和资源实施独立的外交政策。”
　　他表示：“大多数时候，我们与中国有着相近立场，但不论是我们，还是中国，都有自己的利益，南海就涉及到中国的利益。外交部发言人扎哈洛娃不止一次强调，我们不会允许俄罗斯被牵扯到南海纠纷中。我们乐于看到该地区领土争端能够得以解决。”
　　此前有消息称，美国国务卿蒂勒森曾表示，美国应向中国发出“明确信号”，禁止中国在南海争议岛屿开展活动。杰尼索夫认为，蒂勒森关于阻止中国进入其南海岛礁的构想不可能付诸实施，且将来也不会得到落实。
　　在被问及是否相信美国会封锁南海岛屿以及中美是否会因此引爆冲突时，杰尼索夫表示：“这是不可能的，因为这是任何时候不可能发生的事。我相信如此，这些都是我所感受到的。”
责任编辑：李伟山 
",201703071531
"
　　原标题：马来西亚总理呼吁朝鲜立即“释放”在朝马公民
　　新华社吉隆坡3月7日电（记者林昊刘彤）马来西亚总理纳吉布7日发表声明，呼吁朝鲜立即“释放”所有在朝马来西亚公民。他同时指示，在确保这些马来西亚公民的安全之前，所有境内朝鲜公民禁止离境。
　　朝鲜外务省7日通报马来西亚驻朝大使馆，暂时禁止在朝马来西亚公民离境。
　　纳吉布在声明中说，他以最强烈的方式谴责朝方决定，称这一“令人憎恶”的行为相当于将马来西亚公民扣为人质，完全不顾国际法和外交准则。
　　纳吉布说，他已召集国家安全委员会召开紧急会议，并指示警察总长哈立德在确保所有在朝马来西亚公民安全之前，禁止所有在马朝鲜公民离境。
　　他表示，保护本国公民是总理的第一要务，马方在国民受到威胁时会采取一切必要措施。他呼吁朝鲜领导层立即允许马公民离境，以避免事态进一步扩大。
　　马来西亚副总理扎希德7日早些时候宣布，从即日起禁止朝鲜驻马来西亚大使馆官员离境。扎希德表示，朝方发出了违背外交礼仪和惯例的命令，且试图操纵马方针对朝鲜男子被谋杀案的调查，马方被迫作出回应。
　　同日，马来西亚警察总长哈立德说，朝鲜方面并没有对马方的调查提供配合，马方已向国际刑警组织寻求协助。
　　哈立德还说，警方正在寻求3名朝鲜公民配合调查，其中包括一名朝鲜大使馆二等秘书和一名朝鲜高丽航空工作人员。警方相信3人现在身处朝鲜大使馆内。另外，警方仍在等待死者家属前来马来西亚进行DNA测试。
　　2月13日，一名朝鲜籍男子在吉隆坡国际机场寻求医疗救助，随后在送往医院途中身亡。此后，马朝双方围绕尸检、调查等问题互相指责，双方先后宣布驱逐对方大使。
责任编辑：李伟山 
",201703071537
"
　　原标题：IAEA总干事称评估福岛第一核电站报废预期为时尚早
　　[环球网报道 记者 王欢]国际原子能机构（IAEA）总干事天野之弥3月6日就东京电力公司福岛第一核电站的反应堆报废工作，肯定了日本政府的努力和取得的进展，同时对实现2021年开始取出核燃料等计划的预期，他谨慎地表示进行评估“为时尚早”。此前，东电投入自动行走机器人正式调查反应堆安全壳内部的尝试遭遇失败。
　　日本共同社3月7日报道说，福岛核事故即将过去6年，天野认为要弄清事故反应堆的状况“需要花费非常长的时间”。
　　据天野透露，2日他与美国国务卿蒂勒森会谈时强调，通过伊朗和欧美等6国的核协议已经建立起对伊朗核计划的“最强有力的核查态势”，“相信今后能与美国保持非常良好的合作”。此外他还在理事会例会上对朝鲜的核武开发计划和导弹发射表示关切，要求其遵守联合国安理会决议。
　　此次例会从6日开始，为期5天。期间将磋商选出12月就任的下届总干事，预计已连任两届的唯一候选人天野将获任命。若能获得任命，将在9月的年度大会上正式确定第三次当选。
　　天野不仅致力于伊朗核协议的核查工作及福岛核事故后的核电站安全强化，还努力推动癌症治疗等原子能和平利用，得到了成员国的支持。
责任编辑：李伟山 
",201703071454
"
　　原标题：朴槿惠静待弹劾案审判 韩国会：法院决定顺理成章
　　中新网3月8日电 据韩联社报道，韩国宪法法院8日宣布将于10日上午对总统弹劾案进行判决，对此国会方面表示，宪法法院的决定顺理成章。
　　据报道，韩国国会弹劾起诉委员会的有关人士接受韩联社记者采访时表示，宪法法院前任院长朴汉彻在卸任前确定了3月13号之前结案的方针，10日宣判在预料之中，宪法法院现在应该在起草历史性的判决书。
　　代院长李贞美将于3月13日卸任，10日宣判使本案审理得以维持八人合议庭机制，众法官的评议将持续到宣判当天上午。
　　另一方面，韩国总统朴槿惠方面8日接受韩联社电话采访时表示，既已确定10日结案，只能静待弹劾判决结果。
　　如果宪法法院推翻国会弹劾决议，朴槿惠将在停职93天后重新主政，如宣告弹劾成立，朴槿惠将被罢免，成为一介平民。是王者归来还是走下权坛，朴槿惠的命运在此一举。
　　朴槿惠方面称，无法预判总统去留，总统律师团已在弹劾审理过程中屡次否认弹劾决议所列罪状，反复强调表决程序不合法，希望宪法法院做出明智的决定。
　　总统府没有就审结日期出炉正式表态。一位幕僚称，朴槿惠已把该说的话说完，将冷静淡定地等待宣判。
责任编辑：李伟山 
",201703081953
"
　　原标题：韩前总统李明博就总统弹劾案表态 吁各方尊重结果
　　中新网3月8日电 据韩媒报道，韩国前韩国总统李明博8日在个人社交网站发表文章，就朴槿惠总统弹劾做出表态，称希望各方都能尊重宣判结果。
　　据报道，文章称，政党、市民对时政表达意见是言论自由，但不应因此使国家舆论环境陷入混乱。宪法法院即将对朴槿惠总统弹劾案做出最终宣判，希望各方都能尊重宣判结果，这才是民主主义的基本原则。
　　文章还表示，在国家内忧外患之时，国民和政界人士应该站出来，将有关悬案提交国会进行协商，努力减小分歧。今后应遵循有关法律，按照规定的程序进行，并服从法院做出的判决。
　　媒体评价称，在政局混乱的紧要关头，前总统对时政热点发表看法是十分罕见的。
　　韩国宪法裁判所8日宣布，预计于本月10日上午11时对朴槿惠总统弹劾案进行最终宣判。
　　如宪法裁判所做出总统罢免判决，朴槿惠总统将立刻失去总统职务，并于今年5月初举行总统大选，选出新任总统。如宪法裁判所驳回总统弹劾案，朴槿惠总统将重新执政。
责任编辑：李伟山 
",201703081719
"
　　原标题：马总理：在朝大马人未被囚禁 不准备与朝鲜断交　　
　　中新网3月8日电 综合马来西亚媒体报道，随着一名朝鲜男子在吉隆坡机场遇害身亡事件的发酵，马朝两国因互禁对方公民离境而关系紧张。马来西亚总理纳吉布8日表示，目前大马不准备与朝鲜断交。
　　据报道，纳吉布8日在国会证实，目前身在朝鲜的大马人并没有被囚禁，他们还能如常的生活，可外出处理事务。
　　纳吉布强调，目前大马还维持和朝鲜的外交关系，因为这提供大马管道和朝鲜谈判，且马来西亚需要这样的管道将大马人带离朝鲜。
　　纳吉布说：“我们仍在探讨朝鲜到底要的是什么，与此同时，我们维持朝鲜人不能离境的决定。”
　　据此前报道，2月13日，一名朝鲜籍男子在吉隆坡国际机场寻求医疗救助，随后在送往医院途中身亡。此后，马朝双方围绕尸检、调查等问题互相指责，并先后宣布驱逐对方大使。
　　3月7日，平壤方面宣布暂时无法允许在朝鲜境内的马来西亚公民出境，直到在马发生的案件公正解决，在马朝鲜外交官和公民完全获得安全保障。
　　对此，马来西亚迅速做出反应，总理纳吉布呼吁朝鲜立即“释放”所有在朝马来西亚公民。他同时指示，在确保这些马来西亚公民的安全之前，所有马境内朝鲜公民禁止离境。
责任编辑：李伟山 
",201703081640
"
　　原标题：玻利维亚总统因病赴古巴求医 顺利结束治疗回国
　　中新网3月8日电 据外媒报道，玻利维亚总统办公厅主任勒内∙马丁内斯表示，该国总统莫拉莱斯在古巴接受治疗后，已于3月7日回国。
　　莫拉莱斯的飞机降落在埃尔阿尔托市机场。媒体援引马丁内斯的话称：“他在了解了关于其身体状况的正式报告后自我感觉很健康。”
　　马丁内斯表示，莫拉莱斯曾受到鼻窦炎和胃部病毒问题困扰，这些问题已经解决。医生将观察情况发展。然而，莫拉莱斯4月还将再次前往古巴接受声带上小型良性组织的切除手术。
　　莫拉莱斯上周因咽喉问题突然前往古巴接受体检。玻利维亚政府在体检后表示，总统并无严重疾病。
　　马丁内斯表示，已经康复的莫拉莱斯8日准备批准一部关于玻利维亚国内古柯问题的一般法。
责任编辑：刘光博 
",201703081452
"




            视频加载中，请稍候...
        



                自动播放
            
 








play
朝宣布驱逐马来西亚大使——马驻朝使馆启动应急机制



向前
向后






        /*自动播放1*/
		//var AUTOPLAY = 1;
		var AUTOPLAY = 0; //2015.11.25日通知改成0

        /*连播1*/
		var CONTIPLAY = 1;
        /*处理自动播放选项和cookie*/
        (function() {
            var Tool = CommonTool;
            var chk = Tool.byId('J_Video_Autoplay');
            var ua = navigator.userAgent.toLowerCase();
            var isIOS = /\((iPhone|iPad|iPod)/i.test(ua);
            if (isIOS) {
                console.log(chk.parentNode.style.display);
				//chk.parentNode.style.display = 'none'; //2015.11.25 隐藏自动播放选项
                return;
            }
			//chk.parentNode.style.display = ''; //2015.11.25 隐藏自动播放选项
            var clickCookie = function() {
                Tool.bindEvent(chk, 'change',
                function() {
                    var chked = chk.checked;
                    Tool.writeCookie('ArtiVAuto', (chked ? 1 : 0), 24 * 365 * 10, '/', '.sina.com.cn');
                });
            }
            var byCookie = function() {
                var coo = Tool.readCookie('ArtiVAuto');
                if (coo) {
                    if (parseInt(coo) == 0) {
                        chk.checked = false;
                        AUTOPLAY = 0;
                    }
                }
            };
            clickCookie();
            byCookie();
        })();

        /*获取第一个视频vid*/
        var firstItem = CommonTool.byClass('J_Play_Item', 'J_Play_List')[0];
        var fInfo = firstItem.getAttribute('play-data').split('-');
        var fVid = fInfo[0];
        var fPid = fInfo[1];

        var sinaBokePlayerConfig_o = {
            container: ""J_Article_Player"", //Div容器的id
            width: 525,
            height: 430,
            playerWidth: 525, //宽
            playerHeight: 430, //高
            autoLoad: 1, //自动加载
            autoPlay: AUTOPLAY, //自动播放
            as: 0, //广告
            pid: fPid,
            tjAD: 0, //显示擎天柱广告
            tj: 0, //片尾推荐
            continuePlayer: 1, //连续播放
            casualPlay: 1, //任意拖动视频
            head: 0, //播放片头动画
            logo: 0, //显示logo
            share: 0,
			thumbUrl: """"
        };
     
    


        (function() {
            var toggle = function(id, hide) {
                var e = CommonTool.byId(id);
                var par = e.parentNode;
                if (hide) {
                    CommonTool.addClass(par, e.className + '_disabled');
                } else {
                    CommonTool.removeClass(par, e.className + '_disabled');
                }
            }
            var scroll = new ScrollPic();
            scroll.scrollContId = ""J_Play_List""; //内容容器ID
            scroll.arrLeftId = ""J_Player_Prev""; //左箭头ID
            scroll.arrRightId = ""J_Player_Next""; //右箭头ID
            scroll.listEvent = ""onclick""; //切换事件
            scroll.frameWidth = 532; //显示框宽度 **显示框宽度必须是翻页宽度的倍数
            scroll.pageWidth = 133 * 3; //翻页宽度
            scroll.upright = false; //垂直滚动
            scroll.speed = 10; //移动速度(单位毫秒，越小越快)
            scroll.space = 15; //每次移动像素(单位px，越大越快)
            scroll.autoPlay = false; //自动播放
            scroll.autoPlayTime = 5; //自动播放间隔时间(秒)
            scroll.circularly = false;
            scroll._move = scroll.move;
            scroll.move = function(num, quick) {
                scroll._move(num, quick);
                toggle(scroll.arrRightId, scroll.eof);
                toggle(scroll.arrLeftId, scroll.bof);
            };
            scroll.initialize(); //初始化
            toggle(scroll.arrLeftId, scroll.bof);
        })();
    

	var autoPlayCheck = $(""#J_Video_Autoplay"")[0].checked;
		var autoPlayFlv = 0;
		var autoPlayH5 = false;
		if(autoPlayCheck){
			autoPlayFlv = 1;
			var autoPlayH5 = true;
		}
		
	var flashConfig = {
		url: """",	// flash播放器地址,
		container : ""J_Article_Player"",
		id: ""myMovie"",
		width: 525,
		height: 430,
			params : {
			 allowNetworking : ""all"",
			 allowScriptAccess : ""always"",
			 wmode : ""opaque"",
			 allowFullScreen : ""true"",
			 quality : ""high""
			},
			attributes: {},
			flashvars: {
				//autoPlay: autoPlayFlv,  //是否自动播放
				autoPlay: 0,  //11.25通知改成0
				loop: 0,		
				autoLoad: 1,
				thumbUrl: '',
				tj: 0,
				as: 0
			},
			h5attr: {
				//autoPlay: autoPlayH5,  //是否自动播放
				autoPlay: false,  //11.25通知改成false
				controls: true, //是否显示控制条
				loop: false,		
				poster: '', //视频加载前欲加载的图片地址，即播放器一开始显示的截图
				preload: 'auto'
			}
	  };
		
		
	
	
		var videoList = [
						{
				video_id: 251041233,
				pid:1,
				url: 'http://video.sina.com.cn/p/news/w/doc/2017-03-07/121865840881.html',
				title:'朝宣布驱逐马来西亚大使——马驻朝使馆启动应急机制'//,
			//swfOutsideUrl:""http://you.video.sina.com.cn/api/sinawebApi/outplayrefer.php/video_id=251041233/s.swf""
			},
				
	
		]
	
	

		
	(function($){
	var Play = {
		init: function(flashConfig, videoList){
			this.flashConfig = flashConfig;
			this.videoList = videoList;
			this.playVideo = playVideo;
			this.prev = this.current = 0;
			this.length = this.videoList.length;
			this.contNode = $(""#J_Video_Autoplay"");
			this.titleNode = $(""#J_Video_Source"");
			this.playListNode = $(""#J_Play_List .J_Play_Item"");
			if(videoList.length!==1){
				//显示小图
				CommonTool.byId('J_Play_List_Wrap').style.display='';
			}
			if(videoList.length<5){
				CommonTool.byId('J_Player_Prev').style.display='none';
				CommonTool.byId('J_Player_Next').style.display='none';
			}
			
			this.initPlayer();
			this.bind();
		},
		bind: function(){
			var _this = this;
			$(""#J_Play_List"").on(""click"", "".J_Play_Item a"", function(e){
				e.preventDefault();
				_this.playCurrent($(this));
			});
		},
		initPlayer: function(){
			var _this = this;
			this.player = this.playVideo(this.flashConfig);
			this.player.init(this.videoList[this.prev]);
			this.player.on(""playCompleted"", function(){
				_this.playNext();
			});
			this.playListNode.eq(0).addClass(""selected"");
			this.titleNode.html(this.videoList[0].title);
		},
		playCurrent: function($this){
			this.prev = this.current;
			this.current = $this.parents("".J_Play_Item"").index();
			this.play(this.prev, this.current);
		},
		playNext: function(){
			if(!this.contNode[0].checked){
				return;
			}
			this.prev = this.current;
			if(this.current >= this.length - 1){
				return;
			}
			this.current++;
			this.play(this.prev, this.current);
		},
		play: function(prev, current){
			this.player.playVideo(this.videoList[current]);
			this.titleNode.html(this.videoList[current].title);
			this.playListNode.eq(prev).removeClass(""selected"");
			this.playListNode.eq(current).addClass(""selected"");
		}
	}
	Play.init(flashConfig, videoList);
})(jQuery);



　　原标题：马来西亚总理说马方没有与朝鲜断交计划

　　新华社吉隆坡3月8日电（记者刘彤　林昊）马来西亚总理纳吉布8日说，目前马方没有与朝鲜断交的计划，因为仍需保留相关渠道与朝鲜就马滞留朝鲜人员展开对话和谈判。
　　纳吉布是在当天参加国会活动时作出上述表态的。他说，当前的首要任务是保证在朝马来西亚公民的安全。目前这部分人生活正常，活动也没有受限，没有安全方面的顾虑。
　　纳吉布说，马方正在仔细研究朝方的要求，与此同时，对在马朝鲜人的禁止出境命令仍将有效。
　　马来西亚和朝鲜此前关系良好，但随着朝鲜男子在马机场遇袭死亡事件发酵，两国关系紧张。纳吉布7日发表措辞强硬的声明，指责朝鲜禁止马来西亚公民离境的行为相当于将马公民扣为人质，完全不顾国际法和外交准则。
　　目前尚不清楚双方的出境禁令将影响到多少人。马来西亚外交部副部长此前表示，目前马来西亚在朝鲜共有11名公民。而有媒体报道，朝鲜在马来西亚的公民有1000人左右。
　　2月13日，一名朝鲜籍男子在吉隆坡国际机场寻求医疗救助，随后在送往医院途中身亡。此后，马朝双方围绕尸检、调查等问题互相指责，双方先后宣布驱逐对方大使。3月7日，朝鲜外务省通报马来西亚驻朝大使馆，暂时禁止朝鲜境内马来西亚公民离境。纳吉布此后发表声明，呼吁朝鲜立即“释放”所有在朝马来西亚公民。他同时指示，在确保这些马来西亚公民的安全之前，马来西亚境内所有朝鲜公民禁止离境。
责任编辑：刘光博 
",201703081451
"
　　原标题：马耳他景点“蓝窗”坍塌 《权力的游戏》曾取景
　　中新网3月9日电 “令人悲伤的一天到来了”，据外媒报道，马耳他著名景点蓝窗（Azure Window）在当地连日受大风吹袭的情况下，于当地时间8日坍塌，这一著名自然地理景观从此消失世上。马耳他总理马斯喀特发文称，这一消息令人“心碎”。

　　蓝窗是位于马耳他戈佐岛（Gozo）的拱形石灰石，为当地著名景点，每年吸引许多游客到访，同时不少影视节目包括美国HBO电视剧集《权力的游戏》也曾在那处取景。
　　据当地媒体报道，马耳他受强风吹袭，来往戈佐岛的小渡轮因大风停航。当天，一名男子目睹蓝窗塌下的情况称：“当时蓝窗下方海浪汹涌，然后拱石突然便塌入大海。”
　　据悉，当局近年开始置放警告牌，禁止人们在蓝窗上行走；但不少游人仍无视警告，不但在上面行走，更从石的顶部跳下。
　　马耳他总理马斯喀特得悉事件后在社交网站写道：“近年来的报告都指出，这个地标将受到不可避免的自然侵蚀重创，令人悲伤的一天来到了。”蓝窗塌下后，不少居民赶到查看该地标的状况。
责任编辑：李伟山 
",201703091603
"
　　中新网3月9日电 据外媒报道，德国杜塞尔多夫市政府发现第二次世界大战时期炸弹后，宣布疏散8000名居民。
资料图：2016年12月25日，德国南部城市奥格斯堡发现巨型二战时期炸弹，疏散5.4万名居民。
　　在该市一条街道施工期间，发现了一枚500公斤重的美国炸弹。警方封锁了距炸弹位置半径一公里范围地区。
　　由于封锁了前往杜塞尔多夫机场的专用道路，司机被建议选择其他绕行路线。
责任编辑：吴颜 
",201703091342
"
　　[环球网报道 记者 魏悦] 韩联社3月9日报道称，韩国国防部发言人文尚均9日在例行记者会上就中方昨日呼吁韩美停止联合军演一事表示，韩美联合军演是防御性质的例行演习，仍将照常进行。
　　另外，就军方如何应对10日总统弹劾案宣判一事，文尚均表示目前军方专注“鹞鹰”和“关键决心”联合演习，将加强警戒态势。
　　王毅8日在两会记者会上敦促朝鲜停止导弹发射活动，并呼吁美韩停止联合军演。韩美从本月1日起进行代号为“鹞鹰”的联合军演，13日将启动“关键决心”联合演习。此次，美军派出“卡尔·文森”号航母等战略武器大举参加，应对朝鲜核导威胁。
责任编辑：吴颜 
",201703091310
"
　　中新网3月9日电 据外媒报道，美国海关与边境保护局（CBP）8日称，在美国总统特朗普执政之后的第一个月内，穿越美国和墨西哥陆地边界的非法移民人数减少了40%。
　　据该局消息，2月份在东南边界拘捕了18762人，1月份拘捕了31578人。一般情况下，2月份拘捕的非法移民比1月份多20%。
　　特朗普于1月20日就职总统。打击非法移民是他选举活动中的主要议题，其中包括承诺修建美墨边境墙。
责任编辑：吴颜 
",201703091323
"
3月8日，在韩国庆尚北道星州郡的星州高尔夫球场附近，抗议民众与警方对峙。 新华社记者姚琪琳摄
　　参考消息网3月9日报道外媒称，随着“萨德”在韩国加速部署，中俄反对态度坚决，反制措施或升级。
　　“萨德”最早下月运行
　　据韩联社3月8日报道，一位军方官员8日称，功能强大的X波段雷达将于本月交付，该雷达是正在韩国部署的美国先进导弹防御系统的核心部分。
　　报道称，“萨德”系统的两个导弹发射架及其他部分装备6日晚间运抵位于首尔以南70公里的乌山空军基地。
　　这位匿名官员说：“‘萨德’的雷达系统将在本月内交付，以进行操作测试。”剩余部件将在未来几个月逐步交付，并从这座美国空军基地转运至东南部农业郡星州，星州郡位于首尔以南约300公里处。
　　另一位官员7日表示，部署工作将在一两个月内完成，系统最早可于4月运行。
　　一套“萨德”系统有6个车载发射架、48枚拦截导弹（每个发射架配备8枚拦截导弹）、一套火控通信系统和一部AN/TPY-2雷达。
　　中国反对态度坚决
　　据俄罗斯卫星网3月8日报道，中国外交部部长王毅8日在十二届全国人大五次会议记者会上表示“萨德”危害中国战略安全。
　　王毅表示，目前影响中韩关系的最大问题，就是美韩执意要在韩国部署充满争议的“萨德”反导系统。
　　报道称，中方从一开始就坚决反对。“萨德”反导系统的监测预警范围远远超出了半岛，它危害中国战略安全的企图已经是路人皆知。
　　王毅强调，引进“萨德”显然是一个错误的选择，很可能使韩国陷入更加不安全的境地。所以中方奉劝韩国国内某些势力不要再一意孤行，否则结果只能是损人又害己。中方敦促韩方悬崖勒马、中止部署，不要在错误的道路上越走越远。
　　另据美国《华盛顿邮报》网站3月7日报道，中国7日就韩美两国部署美国反导弹系统的“后果”发出警告，称其加剧了地区紧张局势。
　　中国外交部发言人耿爽7日就此说，“由此产生的一切后果由美韩承担”。
　　此外据美国《华盛顿邮报》网站3月7日报道，许多专家认为，中国对“萨德”的愤怒与其说是与导弹有关，还不如说是和该系统所具备的强大雷达实力有关。这些雷达可以用来追踪中国的导弹系统，有可能让美国在未来与中国发生冲突时取得重大优势。
　　报道援引中方分析人士的分析指出，“萨德”本身所发挥的防范朝鲜导弹的作用有限，因为它无法对付不在高空飞行的短程导弹和炮弹，雷达或许才是部署该系统的真正原因。
　　反制措施或将升级
　　据德国《焦点》周刊网站3月7日报道，韩国政府同意部署“萨德”反导系统也冒着很大的风险，其与最大贸易伙伴中国的关系可能会明显恶化。现在韩国已经抱怨中国采取的限制贸易措施。因为可能给对华和对俄关系带来问题，所以部署该系统在韩国国内也不是没有争议。
　　报道称，中国认为部署该系统是美国大规模遏制中国战略的一部分，中国还担心美韩与朝鲜的关系继续恶化且东亚会出现军备竞赛，该系统也进一步刺激了中美间多层次的复杂关系。
　　另外美国《华盛顿邮报》网站3月7日报道分析中国政府会如何报复“萨德”，报道称，中国的反应似乎是要在经济上损害韩国的利益。中国已经对在华运营的韩国企业实施了限制措施，其中包括关闭韩国大企业乐天集团的部分店面，因为它将自己的一块高尔夫球场拿出来部署“萨德”。
　　报道称，预计中国还会采取更多举措。中国的旅行社正在停止赴韩游业务，中国国内要求抵制韩国商品，取消韩星来华演出的呼声日益高涨，这些做法会带来巨大影响。
　　此外据俄罗斯今日经济通讯社网站3月7日报道，军事专家阿列克谢·列昂科夫表示，俄罗斯和中国坚决反对美国在韩国部署“萨德”反导系统，美国的这一举动将迫使中俄采取必要措施来保护自己的利益，直至先发制人地“秀肌肉”。
　　他说：“俄罗斯近期将在边境部署自己的反导系统，很可能是‘伊斯坎德尔’系统。中国不仅将重新部署类似系统，还会调来岸基导弹系统和部队。”
　　列昂科夫指出：“北京的反应会极其强烈。俄军舰则将在不侵犯边界的情况下更频繁地巡逻，地区紧张局势必将加剧。同时，中国的经济制裁将持续并可能升级。”
　　来源：参考消息网
责任编辑：吴颜 
",201703091147
"
　　中新网3月10日电 据韩联社报道，韩国宪法法院10日11时宣判弹劾有效罢免总统职务时指出，朴槿惠违宪违法情节严重，伤害代议民主和法治精神，为捍卫宪法计，不能容忍背信于民之举。
　　宪法法院认为，朴槿惠隐瞒幕后权贵崔顺实擅政真相，助其牟取私利，每有非议必予否认，甚至反唇相讥“别有用心”，致使国会等宪法性机构制衡乏力，媒体难以监督。
　　宪院称，朴槿惠就职以来一直违宪违法，对国会和媒体的批评充耳不闻，从弹劾所据言行来看，她置总统义务于不顾，毫无捍卫宪法之念。
　　朴槿惠曾在对全民讲话时反复承诺全力配合调查真相，但并未接受亲信门独立检察组及检察机关的讯问，还拒绝入府搜查取证。
责任编辑：吴颜 
",201703101411
"

　　3月10日，韩国宪法法院对朴槿惠总统弹劾案作出裁决，宣布国会在去年12月提出的总统弹劾议案成立，朴槿惠立即被罢免。
　　韩国宪法法院院长：朴槿惠曾单独与乐天会长会面，要求出资。
Save
责任编辑：吴颜 
",201703101412
"
　　[环球网报道 记者 张骜]3月10日，韩国宪法法院对总统朴槿惠弹劾案作出弹劾判决，8名大法官全票通过。日本共同社报道称，日本政府将关注韩国下届政府的动向。
　　日本官房长官菅义伟在记者会上就韩国宪法法院的决定表示：“这是与韩国内政和司法判断相关的事项，作为日本政府不应发表评论。”
　　日外相岸田文雄当天在外务省向记者指出：“在朝鲜问题上，日本与韩国携手不可或缺。必须与新政府在各个领域展开合作”。
　　谈到因对抗在韩国釜山设置慰安妇少女像而临时回国的日本驻韩大使长岭安政时，岸田仅表示：“返回工作岗位的时间还没决定。将继续综合探讨和判断。” 
责任编辑：吴颜 
",201703101341
"
　　[环球网综合报道]韩联社3月10日报道称，韩国国防部长官韩民求当天主持召开全军主要指挥官视频会议时表示，朝鲜很有可能趁国内局势严峻发起挑衅，军方要保持万全戒备态势，加强警戒监视。
　　韩民求强调，要认识到安全局势的严峻性，全面加强警戒监视，以消除民众不安。越是危机时刻，军方越要发挥重要作用，保持万全应对态势，坚决应对敌人发起的任何挑衅。
　　韩民求还表示，朝鲜近期两次发射导弹，使半岛紧张局势升温。朝鲜很有可能趁国内外局势动荡不安的时候，以韩美联合军演为借口发起挑衅。
责任编辑：吴颜 
",201703101353
"
　　中新网3月10日电 据韩联社10日报道，韩国代总统黄教安10日接连与经济副总理及国防部、行政自治部、外交部长官通电话，要求加强戒备态势。
　　黄教安与国防部长官韩民求通电话时指出，当前韩国面临总统缺位的紧急情况，全军应加强警戒态势，保持万无一失的安全态势，保卫国家和民众安全。同时，军方要基于牢固的韩美联合防卫力量，做好准备严惩一切挑衅。
　　黄教安在与行政自治部长官洪允植通电话时表示，社会各界围绕弹劾案审判结果分歧悬殊，要关注示威游行相关情况，做好重要人物等的安全保护工作，避免发生事故。同时，鉴于下一届总统选举须在60天之内举行，行政自治部等中央政府和地方政府要做好准备，保证大选顺利开展。
　　黄教安与副总理兼企划财政部长官柳一镐通电话时要求，密切关注国内外金融市场动向、出口和投资等实体经济走向，发生异常时及时有效地予以应对。
　　最后，黄教安在与外长尹炳世通电话时表示，应向国际社会积极说明政府与美国等友邦在应对外在挑衅方面保持紧密合作，对外政策方向毫无变化。
责任编辑：吴颜 
",201703101348
